地区ID,地区名,座標点数,経度,緯度,順序
1,"一番町",6,134.554548,34.072042,1
1,"一番町",6,134.553192,34.072633,2
1,"一番町",6,134.552611,34.071727,3
1,"一番町",6,134.55387,34.07148,4
1,"一番町",6,134.55389,34.071947,5
1,"一番町",6,134.554548,34.072042,6
2,"北出来島町１丁目",5,134.548165,34.078366,1
2,"北出来島町１丁目",5,134.54766,34.078635,2
2,"北出来島町１丁目",5,134.547343,34.078027,3
2,"北出来島町１丁目",5,134.547867,34.077822,4
2,"北出来島町１丁目",5,134.548165,34.078366,5
3,"北出来島町２丁目",14,134.548165,34.078366,1
3,"北出来島町２丁目",14,134.548634,34.078136,2
3,"北出来島町２丁目",14,134.548885,34.078521,3
3,"北出来島町２丁目",14,134.547968,34.078951,4
3,"北出来島町２丁目",14,134.545808,34.08,5
3,"北出来島町２丁目",14,134.544535,34.08,6
3,"北出来島町２丁目",14,134.544611,34.079756,7
3,"北出来島町２丁目",14,134.544983,34.079924,8
3,"北出来島町２丁目",14,134.54556,34.079123,9
3,"北出来島町２丁目",14,134.54652,34.078424,10
3,"北出来島町２丁目",14,134.547228,34.077873,11
3,"北出来島町２丁目",14,134.547343,34.078027,12
3,"北出来島町２丁目",14,134.54766,34.078635,13
3,"北出来島町２丁目",14,134.548165,34.078366,14
4,"幸町１丁目",9,134.55387,34.07148,1
4,"幸町１丁目",9,134.553898,34.070803,2
4,"幸町１丁目",9,134.554593,34.070762,3
4,"幸町１丁目",9,134.554595,34.071493,4
4,"幸町１丁目",9,134.555418,34.071538,5
4,"幸町１丁目",9,134.55509,34.072154,6
4,"幸町１丁目",9,134.554548,34.072042,7
4,"幸町１丁目",9,134.55389,34.071947,8
4,"幸町１丁目",9,134.55387,34.07148,9
5,"幸町２丁目",8,134.553898,34.070803,1
5,"幸町２丁目",8,134.553871,34.070006,2
5,"幸町２丁目",8,134.55385,34.06957,3
5,"幸町２丁目",8,134.555953,34.06967,4
5,"幸町２丁目",8,134.555418,34.071538,5
5,"幸町２丁目",8,134.554595,34.071493,6
5,"幸町２丁目",8,134.554593,34.070762,7
5,"幸町２丁目",8,134.553898,34.070803,8
6,"幸町３丁目",11,134.55385,34.06957,1
6,"幸町３丁目",11,134.553835,34.06888,2
6,"幸町３丁目",11,134.553804,34.068392,3
6,"幸町３丁目",11,134.552586,34.068525,4
6,"幸町３丁目",11,134.552319,34.067874,5
6,"幸町３丁目",11,134.553355,34.067519,6
6,"幸町３丁目",11,134.553782,34.067392,7
6,"幸町３丁目",11,134.555593,34.06718,8
6,"幸町３丁目",11,134.556405,34.067104,9
6,"幸町３丁目",11,134.555953,34.06967,10
6,"幸町３丁目",11,134.55385,34.06957,11
7,"新内町",7,134.553871,34.070006,1
7,"新内町",7,134.552927,34.070299,2
7,"新内町",7,134.552759,34.069719,3
7,"新内町",7,134.552645,34.069056,4
7,"新内町",7,134.553835,34.06888,5
7,"新内町",7,134.55385,34.06957,6
7,"新内町",7,134.553871,34.070006,7
8,"新蔵町１丁目",13,134.555953,34.06967,1
8,"新蔵町１丁目",13,134.556405,34.067104,2
8,"新蔵町１丁目",13,134.557129,34.067034,3
8,"新蔵町１丁目",13,134.557314,34.067986,4
8,"新蔵町１丁目",13,134.55762,34.069257,5
8,"新蔵町１丁目",13,134.559046,34.069063,6
8,"新蔵町１丁目",13,134.559439,34.071535,7
8,"新蔵町１丁目",13,134.558075,34.071614,8
8,"新蔵町１丁目",13,134.557921,34.070415,9
8,"新蔵町１丁目",13,134.55658,34.070465,10
8,"新蔵町１丁目",13,134.556721,34.071604,11
8,"新蔵町１丁目",13,134.555418,34.071538,12
8,"新蔵町１丁目",13,134.555953,34.06967,13
9,"新蔵町２丁目",7,134.559046,34.069063,1
9,"新蔵町２丁目",7,134.559042,34.069048,2
9,"新蔵町２丁目",7,134.560374,34.06886,3
9,"新蔵町２丁目",7,134.560347,34.070959,4
9,"新蔵町２丁目",7,134.560332,34.071479,5
9,"新蔵町２丁目",7,134.559439,34.071535,6
9,"新蔵町２丁目",7,134.559046,34.069063,7
10,"新蔵町３丁目",7,134.560374,34.06886,1
10,"新蔵町３丁目",7,134.562868,34.068475,2
10,"新蔵町３丁目",7,134.562483,34.07131,3
10,"新蔵町３丁目",7,134.561276,34.071434,4
10,"新蔵町３丁目",7,134.561314,34.070966,5
10,"新蔵町３丁目",7,134.560347,34.070959,6
10,"新蔵町３丁目",7,134.560374,34.06886,7
11,"寺島本町西１丁目",11,134.550511,34.073649,1
11,"寺島本町西１丁目",11,134.549777,34.073977,2
11,"寺島本町西１丁目",11,134.550507,34.075095,3
11,"寺島本町西１丁目",11,134.548654,34.07586,4
11,"寺島本町西１丁目",11,134.547693,34.074014,5
11,"寺島本町西１丁目",11,134.546893,34.073602,6
11,"寺島本町西１丁目",11,134.5473,34.073096,7
11,"寺島本町西１丁目",11,134.54853,34.071566,8
11,"寺島本町西１丁目",11,134.549129,34.071986,9
11,"寺島本町西１丁目",11,134.549712,34.072676,10
11,"寺島本町西１丁目",11,134.550511,34.073649,11
12,"寺島本町西２丁目",9,134.548654,34.07586,1
12,"寺島本町西２丁目",9,134.547586,34.07638,2
12,"寺島本町西２丁目",9,134.546502,34.075485,3
12,"寺島本町西２丁目",9,134.54574,34.076236,4
12,"寺島本町西２丁目",9,134.54468,34.0755,5
12,"寺島本町西２丁目",9,134.546091,34.074437,6
12,"寺島本町西２丁目",9,134.546893,34.073602,7
12,"寺島本町西２丁目",9,134.547693,34.074014,8
12,"寺島本町西２丁目",9,134.548654,34.07586,9
13,"寺島本町東１丁目",5,134.554548,34.072042,1
13,"寺島本町東１丁目",5,134.55509,34.072154,2
13,"寺島本町東１丁目",5,134.553774,34.073495,3
13,"寺島本町東１丁目",5,134.553192,34.072633,4
13,"寺島本町東１丁目",5,134.554548,34.072042,5
14,"寺島本町東２丁目",8,134.553192,34.072633,1
14,"寺島本町東２丁目",8,134.553774,34.073495,2
14,"寺島本町東２丁目",8,134.55346,34.073679,3
14,"寺島本町東２丁目",8,134.553318,34.073486,4
14,"寺島本町東２丁目",8,134.552659,34.073683,5
14,"寺島本町東２丁目",8,134.55179,34.072709,6
14,"寺島本町東２丁目",8,134.552611,34.071727,7
14,"寺島本町東２丁目",8,134.553192,34.072633,8
15,"寺島本町東３丁目",8,134.550511,34.073649,1
15,"寺島本町東３丁目",8,134.55179,34.072709,2
15,"寺島本町東３丁目",8,134.552659,34.073683,3
15,"寺島本町東３丁目",8,134.553318,34.073486,4
15,"寺島本町東３丁目",8,134.55346,34.073679,5
15,"寺島本町東３丁目",8,134.550507,34.075095,6
15,"寺島本町東３丁目",8,134.549777,34.073977,7
15,"寺島本町東３丁目",8,134.550511,34.073649,8
16,"出来島本町１丁目",7,134.547343,34.078027,1
16,"出来島本町１丁目",7,134.547228,34.077873,2
16,"出来島本町１丁目",7,134.54652,34.078424,3
16,"出来島本町１丁目",7,134.545305,34.07748,4
16,"出来島本町１丁目",7,134.547181,34.076549,5
16,"出来島本町１丁目",7,134.547867,34.077822,6
16,"出来島本町１丁目",7,134.547343,34.078027,7
17,"出来島本町２丁目",7,134.54556,34.079123,1
17,"出来島本町２丁目",7,134.544827,34.0787,2
17,"出来島本町２丁目",7,134.545185,34.078233,3
17,"出来島本町２丁目",7,134.54447,34.077858,4
17,"出来島本町２丁目",7,134.545305,34.07748,5
17,"出来島本町２丁目",7,134.54652,34.078424,6
17,"出来島本町２丁目",7,134.54556,34.079123,7
18,"出来島本町３丁目",9,134.544535,34.08,1
18,"出来島本町３丁目",9,134.54368,34.08,2
18,"出来島本町３丁目",9,134.543437,34.079923,3
18,"出来島本町３丁目",9,134.543956,34.078522,4
18,"出来島本町３丁目",9,134.544827,34.0787,5
18,"出来島本町３丁目",9,134.54556,34.079123,6
18,"出来島本町３丁目",9,134.544983,34.079924,7
18,"出来島本町３丁目",9,134.544611,34.079756,8
18,"出来島本町３丁目",9,134.544535,34.08,9
19,"出来島本町４丁目",8,134.544827,34.0787,1
19,"出来島本町４丁目",8,134.543956,34.078522,2
19,"出来島本町４丁目",8,134.543437,34.079923,3
19,"出来島本町４丁目",8,134.543016,34.079534,4
19,"出来島本町４丁目",8,134.542742,34.078597,5
19,"出来島本町４丁目",8,134.54447,34.077858,6
19,"出来島本町４丁目",8,134.545185,34.078233,7
19,"出来島本町４丁目",8,134.544827,34.0787,8
20,"徳島本町１丁目",7,134.558075,34.071614,1
20,"徳島本町１丁目",7,134.558261,34.073125,2
20,"徳島本町１丁目",7,134.557053,34.073224,3
20,"徳島本町１丁目",7,134.556721,34.071604,4
20,"徳島本町１丁目",7,134.55658,34.070465,5
20,"徳島本町１丁目",7,134.557921,34.070415,6
20,"徳島本町１丁目",7,134.558075,34.071614,7
21,"徳島本町２丁目",6,134.559439,34.071535,1
21,"徳島本町２丁目",6,134.560332,34.071479,2
21,"徳島本町２丁目",6,134.560346,34.07295,3
21,"徳島本町２丁目",6,134.558261,34.073125,4
21,"徳島本町２丁目",6,134.558075,34.071614,5
21,"徳島本町２丁目",6,134.559439,34.071535,6
22,"徳島本町３丁目",5,134.560347,34.070959,1
22,"徳島本町３丁目",5,134.561314,34.070966,2
22,"徳島本町３丁目",5,134.561276,34.071434,3
22,"徳島本町３丁目",5,134.560332,34.071479,4
22,"徳島本町３丁目",5,134.560347,34.070959,5
23,"通町１丁目",10,134.552611,34.071727,1
23,"通町１丁目",10,134.552322,34.071114,2
23,"通町１丁目",10,134.551998,34.070579,3
23,"通町１丁目",10,134.552568,34.070733,4
23,"通町１丁目",10,134.552432,34.070442,5
23,"通町１丁目",10,134.552927,34.070299,6
23,"通町１丁目",10,134.553871,34.070006,7
23,"通町１丁目",10,134.553898,34.070803,8
23,"通町１丁目",10,134.55387,34.07148,9
23,"通町１丁目",10,134.552611,34.071727,10
24,"通町２丁目",5,134.552611,34.071727,1
24,"通町２丁目",5,134.551337,34.072142,2
24,"通町２丁目",5,134.550906,34.071557,3
24,"通町２丁目",5,134.552322,34.071114,4
24,"通町２丁目",5,134.552611,34.071727,5
25,"通町３丁目",8,134.549129,34.071986,1
25,"通町３丁目",8,134.549434,34.071761,2
25,"通町３丁目",8,134.549593,34.071878,3
25,"通町３丁目",8,134.550696,34.071272,4
25,"通町３丁目",8,134.550906,34.071557,5
25,"通町３丁目",8,134.551337,34.072142,6
25,"通町３丁目",8,134.549712,34.072676,7
25,"通町３丁目",8,134.549129,34.071986,8
26,"徳島町城内",19,134.548634,34.078136,1
26,"徳島町城内",19,134.548051,34.076522,2
26,"徳島町城内",19,134.547571,34.076386,3
26,"徳島町城内",19,134.547586,34.07638,4
26,"徳島町城内",19,134.548654,34.07586,5
26,"徳島町城内",19,134.550507,34.075095,6
26,"徳島町城内",19,134.55346,34.073679,7
26,"徳島町城内",19,134.553774,34.073495,8
26,"徳島町城内",19,134.55509,34.072154,9
26,"徳島町城内",19,134.555418,34.071538,10
26,"徳島町城内",19,134.556721,34.071604,11
26,"徳島町城内",19,134.557053,34.073224,12
26,"徳島町城内",19,134.557599,34.07677,13
26,"徳島町城内",19,134.555417,34.076586,14
26,"徳島町城内",19,134.55397,34.076692,15
26,"徳島町城内",19,134.552065,34.077356,16
26,"徳島町城内",19,134.551132,34.077674,17
26,"徳島町城内",19,134.548885,34.078521,18
26,"徳島町城内",19,134.548634,34.078136,19
27,"徳島町３丁目",5,134.558261,34.073125,1
27,"徳島町３丁目",5,134.558728,34.076398,2
27,"徳島町３丁目",5,134.557599,34.07677,3
27,"徳島町３丁目",5,134.557053,34.073224,4
27,"徳島町３丁目",5,134.558261,34.073125,5
28,"中洲町１丁目",6,134.557314,34.067986,1
28,"中洲町１丁目",6,134.558757,34.067807,2
28,"中洲町１丁目",6,134.559042,34.069048,3
28,"中洲町１丁目",6,134.559046,34.069063,4
28,"中洲町１丁目",6,134.55762,34.069257,5
28,"中洲町１丁目",6,134.557314,34.067986,6
29,"中洲町２丁目",7,134.557129,34.067034,1
29,"中洲町２丁目",7,134.560072,34.066593,2
29,"中洲町２丁目",7,134.560374,34.06886,3
29,"中洲町２丁目",7,134.559042,34.069048,4
29,"中洲町２丁目",7,134.558757,34.067807,5
29,"中洲町２丁目",7,134.557314,34.067986,6
29,"中洲町２丁目",7,134.557129,34.067034,7
30,"中洲町３丁目",7,134.560374,34.06886,1
30,"中洲町３丁目",7,134.560072,34.066593,2
30,"中洲町３丁目",7,134.561082,34.066415,3
30,"中洲町３丁目",7,134.562833,34.066575,4
30,"中洲町３丁目",7,134.563548,34.066679,5
30,"中洲町３丁目",7,134.562868,34.068475,6
30,"中洲町３丁目",7,134.560374,34.06886,7
31,"中通町１丁目",6,134.552322,34.071114,1
31,"中通町１丁目",6,134.550906,34.071557,2
31,"中通町１丁目",6,134.550696,34.071272,3
31,"中通町１丁目",6,134.550539,34.071018,4
31,"中通町１丁目",6,134.551998,34.070579,5
31,"中通町１丁目",6,134.552322,34.071114,6
32,"中通町２丁目",5,134.550539,34.071018,1
32,"中通町２丁目",5,134.550197,34.070542,2
32,"中通町２丁目",5,134.551683,34.07003,3
32,"中通町２丁目",5,134.551998,34.070579,4
32,"中通町２丁目",5,134.550539,34.071018,5
33,"中通町３丁目",9,134.549434,34.071761,1
33,"中通町３丁目",9,134.550213,34.071182,2
33,"中通町３丁目",9,134.549632,34.070433,3
33,"中通町３丁目",9,134.549896,34.070154,4
33,"中通町３丁目",9,134.550197,34.070542,5
33,"中通町３丁目",9,134.550539,34.071018,6
33,"中通町３丁目",9,134.550696,34.071272,7
33,"中通町３丁目",9,134.549593,34.071878,8
33,"中通町３丁目",9,134.549434,34.071761,9
34,"中徳島町１丁目",6,134.562483,34.07131,1
34,"中徳島町１丁目",6,134.56246,34.072969,2
34,"中徳島町１丁目",6,134.560346,34.07295,3
34,"中徳島町１丁目",6,134.560332,34.071479,4
34,"中徳島町１丁目",6,134.561276,34.071434,5
34,"中徳島町１丁目",6,134.562483,34.07131,6
35,"中徳島町２丁目",7,134.560346,34.07295,1
35,"中徳島町２丁目",7,134.56246,34.072969,2
35,"中徳島町２丁目",7,134.562463,34.073232,3
35,"中徳島町２丁目",7,134.560541,34.07552,4
35,"中徳島町２丁目",7,134.558728,34.076398,5
35,"中徳島町２丁目",7,134.558261,34.073125,6
35,"中徳島町２丁目",7,134.560346,34.07295,7
36,"東出来島町",7,134.547867,34.077822,1
36,"東出来島町",7,134.547181,34.076549,2
36,"東出来島町",7,134.547571,34.076386,3
36,"東出来島町",7,134.548051,34.076522,4
36,"東出来島町",7,134.548634,34.078136,5
36,"東出来島町",7,134.548165,34.078366,6
36,"東出来島町",7,134.547867,34.077822,7
37,"南内町１丁目",9,134.553835,34.06888,1
37,"南内町１丁目",9,134.552645,34.069056,2
37,"南内町１丁目",9,134.552759,34.069719,3
37,"南内町１丁目",9,134.551683,34.07003,4
37,"南内町１丁目",9,134.550802,34.068841,5
37,"南内町１丁目",9,134.552319,34.067874,6
37,"南内町１丁目",9,134.552586,34.068525,7
37,"南内町１丁目",9,134.553804,34.068392,8
37,"南内町１丁目",9,134.553835,34.06888,9
38,"南内町２丁目",6,134.550197,34.070542,1
38,"南内町２丁目",6,134.549896,34.070154,2
38,"南内町２丁目",6,134.549721,34.069925,3
38,"南内町２丁目",6,134.550802,34.068841,4
38,"南内町２丁目",6,134.551683,34.07003,5
38,"南内町２丁目",6,134.550197,34.070542,6
39,"南内町３丁目",9,134.54853,34.071566,1
39,"南内町３丁目",9,134.549492,34.070246,2
39,"南内町３丁目",9,134.549721,34.069925,3
39,"南内町３丁目",9,134.549896,34.070154,4
39,"南内町３丁目",9,134.549632,34.070433,5
39,"南内町３丁目",9,134.550213,34.071182,6
39,"南内町３丁目",9,134.549434,34.071761,7
39,"南内町３丁目",9,134.549129,34.071986,8
39,"南内町３丁目",9,134.54853,34.071566,9
40,"南出来島町",11,134.547586,34.07638,1
40,"南出来島町",11,134.547571,34.076386,2
40,"南出来島町",11,134.547181,34.076549,3
40,"南出来島町",11,134.545305,34.07748,4
40,"南出来島町",11,134.54447,34.077858,5
40,"南出来島町",11,134.542742,34.078597,6
40,"南出来島町",11,134.544025,34.075935,7
40,"南出来島町",11,134.54468,34.0755,8
40,"南出来島町",11,134.54574,34.076236,9
40,"南出来島町",11,134.546502,34.075485,10
40,"南出来島町",11,134.547586,34.07638,11
41,"八百屋町",6,134.549712,34.072676,1
41,"八百屋町",6,134.551337,34.072142,2
41,"八百屋町",6,134.552611,34.071727,3
41,"八百屋町",6,134.55179,34.072709,4
41,"八百屋町",6,134.550511,34.073649,5
41,"八百屋町",6,134.549712,34.072676,6
42,"両国本町",7,134.552927,34.070299,1
42,"両国本町",7,134.552432,34.070442,2
42,"両国本町",7,134.552568,34.070733,3
42,"両国本町",7,134.551998,34.070579,4
42,"両国本町",7,134.551683,34.07003,5
42,"両国本町",7,134.552759,34.069719,6
42,"両国本町",7,134.552927,34.070299,7
43,"かちどき橋１丁目",9,134.556405,34.067104,1
43,"かちどき橋１丁目",9,134.556244,34.065233,2
43,"かちどき橋１丁目",9,134.556015,34.064747,3
43,"かちどき橋１丁目",9,134.555463,34.063748,4
43,"かちどき橋１丁目",9,134.556324,34.063588,5
43,"かちどき橋１丁目",9,134.5564,34.063899,6
43,"かちどき橋１丁目",9,134.556829,34.065563,7
43,"かちどき橋１丁目",9,134.557129,34.067034,8
43,"かちどき橋１丁目",9,134.556405,34.067104,9
44,"かちどき橋２丁目",9,134.555463,34.063748,1
44,"かちどき橋２丁目",9,134.554596,34.062183,2
44,"かちどき橋２丁目",9,134.555854,34.061822,3
44,"かちどき橋２丁目",9,134.556012,34.062393,4
44,"かちどき橋２丁目",9,134.556772,34.062173,5
44,"かちどき橋２丁目",9,134.556879,34.062799,6
44,"かちどき橋２丁目",9,134.556173,34.06301,7
44,"かちどき橋２丁目",9,134.556324,34.063588,8
44,"かちどき橋２丁目",9,134.555463,34.063748,9
45,"かちどき橋３丁目",8,134.554596,34.062183,1
45,"かちどき橋３丁目",8,134.55361,34.060752,2
45,"かちどき橋３丁目",8,134.553466,34.060332,3
45,"かちどき橋３丁目",8,134.554373,34.06007,4
45,"かちどき橋３丁目",8,134.554516,34.060427,5
45,"かちどき橋３丁目",8,134.555386,34.060124,6
45,"かちどき橋３丁目",8,134.555854,34.061822,7
45,"かちどき橋３丁目",8,134.554596,34.062183,8
46,"かちどき橋４丁目",9,134.55361,34.060752,1
46,"かちどき橋４丁目",9,134.553056,34.06018,2
46,"かちどき橋４丁目",9,134.552887,34.06,3
46,"かちどき橋４丁目",9,134.55535,34.06,4
46,"かちどき橋４丁目",9,134.555386,34.060124,5
46,"かちどき橋４丁目",9,134.554516,34.060427,6
46,"かちどき橋４丁目",9,134.554373,34.06007,7
46,"かちどき橋４丁目",9,134.553466,34.060332,8
46,"かちどき橋４丁目",9,134.55361,34.060752,9
47,"昭和町１丁目",5,134.5564,34.063899,1
47,"昭和町１丁目",5,134.558156,34.06341,2
47,"昭和町１丁目",5,134.558674,34.065111,3
47,"昭和町１丁目",5,134.556829,34.065563,4
47,"昭和町１丁目",5,134.5564,34.063899,5
48,"昭和町２丁目",5,134.558156,34.06341,1
48,"昭和町２丁目",5,134.559641,34.062878,2
48,"昭和町２丁目",5,134.560019,34.064445,3
48,"昭和町２丁目",5,134.558674,34.065111,4
48,"昭和町２丁目",5,134.558156,34.06341,5
49,"昭和町３丁目",15,134.557129,34.067034,1
49,"昭和町３丁目",15,134.556829,34.065563,2
49,"昭和町３丁目",15,134.558674,34.065111,3
49,"昭和町３丁目",15,134.560019,34.064445,4
49,"昭和町３丁目",15,134.559641,34.062878,5
49,"昭和町３丁目",15,134.560675,34.062389,6
49,"昭和町３丁目",15,134.560772,34.062341,7
49,"昭和町３丁目",15,134.561211,34.063221,8
49,"昭和町３丁目",15,134.561334,34.063451,9
49,"昭和町３丁目",15,134.561832,34.064483,10
49,"昭和町３丁目",15,134.562725,34.065993,11
49,"昭和町３丁目",15,134.562833,34.066575,12
49,"昭和町３丁目",15,134.561082,34.066415,13
49,"昭和町３丁目",15,134.560072,34.066593,14
49,"昭和町３丁目",15,134.557129,34.067034,15
50,"昭和町４丁目",6,134.561334,34.063451,1
50,"昭和町４丁目",6,134.562964,34.062415,2
50,"昭和町４丁目",6,134.563648,34.063212,3
50,"昭和町４丁目",6,134.563138,34.063491,4
50,"昭和町４丁目",6,134.561832,34.064483,5
50,"昭和町４丁目",6,134.561334,34.063451,6
51,"昭和町４丁目",7,134.560772,34.062341,1
51,"昭和町４丁目",7,134.56193,34.061987,2
51,"昭和町４丁目",7,134.561469,34.06121,3
51,"昭和町４丁目",7,134.561991,34.060984,4
51,"昭和町４丁目",7,134.562604,34.061822,5
51,"昭和町４丁目",7,134.561211,34.063221,6
51,"昭和町４丁目",7,134.560772,34.062341,7
52,"昭和町５丁目",5,134.564007,34.060699,1
52,"昭和町５丁目",5,134.563752,34.060871,2
52,"昭和町５丁目",5,134.563591,34.060426,3
52,"昭和町５丁目",5,134.563945,34.060363,4
52,"昭和町５丁目",5,134.564007,34.060699,5
53,"昭和町５丁目",4,134.562794,34.062062,1
53,"昭和町５丁目",4,134.562671,34.061857,2
53,"昭和町５丁目",4,134.562995,34.0617,3
53,"昭和町５丁目",4,134.562794,34.062062,4
54,"昭和町６丁目",17,134.561211,34.063221,1
54,"昭和町６丁目",17,134.562604,34.061822,2
54,"昭和町６丁目",17,134.563752,34.060871,3
54,"昭和町６丁目",17,134.564007,34.060699,4
54,"昭和町６丁目",17,134.564547,34.060388,5
54,"昭和町６丁目",17,134.564472,34.06,6
54,"昭和町６丁目",17,134.566685,34.06,7
54,"昭和町６丁目",17,134.566911,34.060336,8
54,"昭和町６丁目",17,134.566115,34.06061,9
54,"昭和町６丁目",17,134.565603,34.06013,10
54,"昭和町６丁目",17,134.564949,34.060406,11
54,"昭和町６丁目",17,134.565048,34.06106,12
54,"昭和町６丁目",17,134.564685,34.06117,13
54,"昭和町６丁目",17,134.563983,34.061374,14
54,"昭和町６丁目",17,134.562964,34.062415,15
54,"昭和町６丁目",17,134.561334,34.063451,16
54,"昭和町６丁目",17,134.561211,34.063221,17
55,"昭和町７丁目",8,134.566685,34.06,1
55,"昭和町７丁目",8,134.57,34.06,2
55,"昭和町７丁目",8,134.57,34.06073,3
55,"昭和町７丁目",8,134.569468,34.061205,4
55,"昭和町７丁目",8,134.568405,34.062291,5
55,"昭和町７丁目",8,134.567822,34.061957,6
55,"昭和町７丁目",8,134.566911,34.060336,7
55,"昭和町７丁目",8,134.566685,34.06,8
56,"栄町１丁目",8,134.549312,34.066146,1
56,"栄町１丁目",8,134.549412,34.067029,2
56,"栄町１丁目",8,134.548696,34.067124,3
56,"栄町１丁目",8,134.548529,34.0662,4
56,"栄町１丁目",8,134.548139,34.066227,5
56,"栄町１丁目",8,134.548062,34.064978,6
56,"栄町１丁目",8,134.54907,34.064941,7
56,"栄町１丁目",8,134.549312,34.066146,8
57,"栄町２丁目",5,134.548062,34.064978,1
57,"栄町２丁目",5,134.547999,34.063732,2
57,"栄町２丁目",5,134.549034,34.063704,3
57,"栄町２丁目",5,134.54907,34.064941,4
57,"栄町２丁目",5,134.548062,34.064978,5
58,"栄町３丁目",6,134.547999,34.063732,1
58,"栄町３丁目",6,134.54792,34.062381,2
58,"栄町３丁目",6,134.548639,34.062355,3
58,"栄町３丁目",6,134.548967,34.06235,4
58,"栄町３丁目",6,134.549034,34.063704,5
58,"栄町３丁目",6,134.547999,34.063732,6
59,"栄町４丁目",8,134.548639,34.062355,1
59,"栄町４丁目",8,134.548605,34.061785,2
59,"栄町４丁目",8,134.548197,34.061806,3
59,"栄町４丁目",8,134.548162,34.060972,4
59,"栄町４丁目",8,134.54857,34.060948,5
59,"栄町４丁目",8,134.548892,34.060941,6
59,"栄町４丁目",8,134.548967,34.06235,7
59,"栄町４丁目",8,134.548639,34.062355,8
60,"栄町５丁目",10,134.548162,34.060972,1
60,"栄町５丁目",10,134.547873,34.06098,2
60,"栄町５丁目",10,134.547863,34.060791,3
60,"栄町５丁目",10,134.548335,34.060759,4
60,"栄町５丁目",10,134.548316,34.06001,5
60,"栄町５丁目",10,134.547889,34.060002,6
60,"栄町５丁目",10,134.547889,34.06,7
60,"栄町５丁目",10,134.54853,34.06,8
60,"栄町５丁目",10,134.54857,34.060948,9
60,"栄町５丁目",10,134.548162,34.060972,10
61,"中昭和町１丁目",11,134.556324,34.063588,1
61,"中昭和町１丁目",11,134.556173,34.06301,2
61,"中昭和町１丁目",11,134.556879,34.062799,3
61,"中昭和町１丁目",11,134.556772,34.062173,4
61,"中昭和町１丁目",11,134.556012,34.062393,5
61,"中昭和町１丁目",11,134.555854,34.061822,6
61,"中昭和町１丁目",11,134.556648,34.061587,7
61,"中昭和町１丁目",11,134.557305,34.061382,8
61,"中昭和町１丁目",11,134.558156,34.06341,9
61,"中昭和町１丁目",11,134.5564,34.063899,10
61,"中昭和町１丁目",11,134.556324,34.063588,11
62,"中昭和町２丁目",8,134.558156,34.06341,1
62,"中昭和町２丁目",8,134.557305,34.061382,2
62,"中昭和町２丁目",8,134.556648,34.061587,3
62,"中昭和町２丁目",8,134.556395,34.06024,4
62,"中昭和町２丁目",8,134.55695,34.06,5
62,"中昭和町２丁目",8,134.557592,34.06,6
62,"中昭和町２丁目",8,134.559641,34.062878,7
62,"中昭和町２丁目",8,134.558156,34.06341,8
63,"中昭和町３丁目",8,134.559641,34.062878,1
63,"中昭和町３丁目",8,134.557592,34.06,2
63,"中昭和町３丁目",8,134.560413,34.06,3
63,"中昭和町３丁目",8,134.5595,34.060712,4
63,"中昭和町３丁目",8,134.56007,34.06058,5
63,"中昭和町３丁目",8,134.560166,34.061819,6
63,"中昭和町３丁目",8,134.560675,34.062389,7
63,"中昭和町３丁目",8,134.559641,34.062878,8
64,"中昭和町４丁目",12,134.560675,34.062389,1
64,"中昭和町４丁目",12,134.560166,34.061819,2
64,"中昭和町４丁目",12,134.56007,34.06058,3
64,"中昭和町４丁目",12,134.5595,34.060712,4
64,"中昭和町４丁目",12,134.560413,34.06,5
64,"中昭和町４丁目",12,134.562542,34.06,6
64,"中昭和町４丁目",12,134.561489,34.060248,7
64,"中昭和町４丁目",12,134.561991,34.060984,8
64,"中昭和町４丁目",12,134.561469,34.06121,9
64,"中昭和町４丁目",12,134.56193,34.061987,10
64,"中昭和町４丁目",12,134.560772,34.062341,11
64,"中昭和町４丁目",12,134.560675,34.062389,12
65,"中昭和町５丁目",11,134.561991,34.060984,1
65,"中昭和町５丁目",11,134.561489,34.060248,2
65,"中昭和町５丁目",11,134.562542,34.06,3
65,"中昭和町５丁目",11,134.564472,34.06,4
65,"中昭和町５丁目",11,134.564547,34.060388,5
65,"中昭和町５丁目",11,134.564007,34.060699,6
65,"中昭和町５丁目",11,134.563945,34.060363,7
65,"中昭和町５丁目",11,134.563591,34.060426,8
65,"中昭和町５丁目",11,134.563752,34.060871,9
65,"中昭和町５丁目",11,134.562604,34.061822,10
65,"中昭和町５丁目",11,134.561991,34.060984,11
66,"万代町４丁目",11,134.561832,34.064483,1
66,"万代町４丁目",11,134.563138,34.063491,2
66,"万代町４丁目",11,134.56345,34.06395,3
66,"万代町４丁目",11,134.563838,34.063437,4
66,"万代町４丁目",11,134.564633,34.064334,5
66,"万代町４丁目",11,134.563124,34.064997,6
66,"万代町４丁目",11,134.56451,34.065795,7
66,"万代町４丁目",11,134.564321,34.066092,8
66,"万代町４丁目",11,134.563229,34.066249,9
66,"万代町４丁目",11,134.562725,34.065993,10
66,"万代町４丁目",11,134.561832,34.064483,11
67,"万代町５丁目",11,134.562964,34.062415,1
67,"万代町５丁目",11,134.563983,34.061374,2
67,"万代町５丁目",11,134.564685,34.06117,3
67,"万代町５丁目",11,134.565051,34.06287,4
67,"万代町５丁目",11,134.56546,34.063427,5
67,"万代町５丁目",11,134.564633,34.064334,6
67,"万代町５丁目",11,134.563838,34.063437,7
67,"万代町５丁目",11,134.56345,34.06395,8
67,"万代町５丁目",11,134.563138,34.063491,9
67,"万代町５丁目",11,134.563648,34.063212,10
67,"万代町５丁目",11,134.562964,34.062415,11
68,"万代町６丁目",21,134.562833,34.066575,1
68,"万代町６丁目",21,134.562725,34.065993,2
68,"万代町６丁目",21,134.563229,34.066249,3
68,"万代町６丁目",21,134.564321,34.066092,4
68,"万代町６丁目",21,134.56451,34.065795,5
68,"万代町６丁目",21,134.563124,34.064997,6
68,"万代町６丁目",21,134.564633,34.064334,7
68,"万代町６丁目",21,134.56546,34.063427,8
68,"万代町６丁目",21,134.565051,34.06287,9
68,"万代町６丁目",21,134.564685,34.06117,10
68,"万代町６丁目",21,134.565048,34.06106,11
68,"万代町６丁目",21,134.564949,34.060406,12
68,"万代町６丁目",21,134.565603,34.06013,13
68,"万代町６丁目",21,134.566115,34.06061,14
68,"万代町６丁目",21,134.566911,34.060336,15
68,"万代町６丁目",21,134.567822,34.061957,16
68,"万代町６丁目",21,134.568405,34.062291,17
68,"万代町６丁目",21,134.566335,34.065202,18
68,"万代町６丁目",21,134.564265,34.066635,19
68,"万代町６丁目",21,134.563548,34.066679,20
68,"万代町６丁目",21,134.562833,34.066575,21
69,"南昭和町１丁目",7,134.555386,34.060124,1
69,"南昭和町１丁目",7,134.55535,34.06,2
69,"南昭和町１丁目",7,134.556367,34.06,3
69,"南昭和町１丁目",7,134.556395,34.06024,4
69,"南昭和町１丁目",7,134.556648,34.061587,5
69,"南昭和町１丁目",7,134.555854,34.061822,6
69,"南昭和町１丁目",7,134.555386,34.060124,7
70,"南昭和町２丁目",4,134.556395,34.06024,1
70,"南昭和町２丁目",4,134.556367,34.06,2
70,"南昭和町２丁目",4,134.55695,34.06,3
70,"南昭和町２丁目",4,134.556395,34.06024,4
71,"秋田町１丁目",5,134.55134,34.065098,1
71,"秋田町１丁目",5,134.550119,34.065324,2
71,"秋田町１丁目",5,134.550088,34.064919,3
71,"秋田町１丁目",5,134.551212,34.064742,4
71,"秋田町１丁目",5,134.55134,34.065098,5
72,"秋田町１丁目",6,134.54907,34.064941,1
72,"秋田町１丁目",6,134.549487,34.064926,2
72,"秋田町１丁目",6,134.549543,34.065829,3
72,"秋田町１丁目",6,134.549548,34.066136,4
72,"秋田町１丁目",6,134.549312,34.066146,5
72,"秋田町１丁目",6,134.54907,34.064941,6
73,"秋田町２丁目",10,134.549034,34.063704,1
73,"秋田町２丁目",10,134.549447,34.063677,2
73,"秋田町２丁目",10,134.549983,34.063525,3
73,"秋田町２丁目",10,134.550088,34.064919,4
73,"秋田町２丁目",10,134.550119,34.065324,5
73,"秋田町２丁目",10,134.550144,34.065753,6
73,"秋田町２丁目",10,134.549543,34.065829,7
73,"秋田町２丁目",10,134.549487,34.064926,8
73,"秋田町２丁目",10,134.54907,34.064941,9
73,"秋田町２丁目",10,134.549034,34.063704,10
74,"秋田町３丁目",5,134.548967,34.06235,1
74,"秋田町３丁目",5,134.549383,34.062326,2
74,"秋田町３丁目",5,134.549447,34.063677,3
74,"秋田町３丁目",5,134.549034,34.063704,4
74,"秋田町３丁目",5,134.548967,34.06235,5
75,"秋田町４丁目",12,134.548892,34.060941,1
75,"秋田町４丁目",12,134.549307,34.060854,2
75,"秋田町４丁目",12,134.549814,34.060652,3
75,"秋田町４丁目",12,134.549878,34.061512,4
75,"秋田町４丁目",12,134.549653,34.061523,5
75,"秋田町４丁目",12,134.549602,34.062181,6
75,"秋田町４丁目",12,134.549917,34.062173,7
75,"秋田町４丁目",12,134.549983,34.063525,8
75,"秋田町４丁目",12,134.549447,34.063677,9
75,"秋田町４丁目",12,134.549383,34.062326,10
75,"秋田町４丁目",12,134.548967,34.06235,11
75,"秋田町４丁目",12,134.548892,34.060941,12
76,"秋田町５丁目",6,134.54857,34.060948,1
76,"秋田町５丁目",6,134.54853,34.06,2
76,"秋田町５丁目",6,134.549207,34.06,3
76,"秋田町５丁目",6,134.549307,34.060854,4
76,"秋田町５丁目",6,134.548892,34.060941,5
76,"秋田町５丁目",6,134.54857,34.060948,6
77,"伊月町１丁目",5,134.55134,34.065098,1
77,"伊月町１丁目",5,134.551495,34.065531,2
77,"伊月町１丁目",5,134.550144,34.065753,3
77,"伊月町１丁目",5,134.550119,34.065324,4
77,"伊月町１丁目",5,134.55134,34.065098,5
78,"伊月町２丁目",8,134.550088,34.064919,1
78,"伊月町２丁目",8,134.549983,34.063525,2
78,"伊月町２丁目",8,134.550692,34.063349,3
78,"伊月町２丁目",8,134.550858,34.063779,4
78,"伊月町２丁目",8,134.551722,34.063532,5
78,"伊月町２丁目",8,134.552066,34.064521,6
78,"伊月町２丁目",8,134.551212,34.064742,7
78,"伊月町２丁目",8,134.550088,34.064919,8
79,"伊月町３丁目",6,134.549917,34.062173,1
79,"伊月町３丁目",6,134.54999,34.061564,2
79,"伊月町３丁目",6,134.550434,34.062653,3
79,"伊月町３丁目",6,134.550692,34.063349,4
79,"伊月町３丁目",6,134.549983,34.063525,5
79,"伊月町３丁目",6,134.549917,34.062173,6
80,"伊月町４丁目",12,134.549814,34.060652,1
80,"伊月町４丁目",12,134.55008,34.060549,2
80,"伊月町４丁目",12,134.550696,34.060324,3
80,"伊月町４丁目",12,134.550693,34.061579,4
80,"伊月町４丁目",12,134.550978,34.062482,5
80,"伊月町４丁目",12,134.550434,34.062653,6
80,"伊月町４丁目",12,134.54999,34.061564,7
80,"伊月町４丁目",12,134.549917,34.062173,8
80,"伊月町４丁目",12,134.549602,34.062181,9
80,"伊月町４丁目",12,134.549653,34.061523,10
80,"伊月町４丁目",12,134.549878,34.061512,11
80,"伊月町４丁目",12,134.549814,34.060652,12
81,"伊月町５丁目",6,134.549307,34.060854,1
81,"伊月町５丁目",6,134.549207,34.06,2
81,"伊月町５丁目",6,134.550038,34.06,3
81,"伊月町５丁目",6,134.55008,34.060549,4
81,"伊月町５丁目",6,134.549814,34.060652,5
81,"伊月町５丁目",6,134.549307,34.060854,6
82,"鷹匠町４丁目",10,134.54792,34.062381,1
82,"鷹匠町４丁目",10,134.547525,34.062395,2
82,"鷹匠町４丁目",10,134.547716,34.062242,3
82,"鷹匠町４丁目",10,134.547596,34.060994,4
82,"鷹匠町４丁目",10,134.547873,34.06098,5
82,"鷹匠町４丁目",10,134.548162,34.060972,6
82,"鷹匠町４丁目",10,134.548197,34.061806,7
82,"鷹匠町４丁目",10,134.548605,34.061785,8
82,"鷹匠町４丁目",10,134.548639,34.062355,9
82,"鷹匠町４丁目",10,134.54792,34.062381,10
83,"鷹匠町５丁目",5,134.547863,34.060791,1
83,"鷹匠町５丁目",5,134.547889,34.060002,2
83,"鷹匠町５丁目",5,134.548316,34.06001,3
83,"鷹匠町５丁目",5,134.548335,34.060759,4
83,"鷹匠町５丁目",5,134.547863,34.060791,5
84,"中央通２丁目",9,134.550692,34.063349,1
84,"中央通２丁目",9,134.550434,34.062653,2
84,"中央通２丁目",9,134.550978,34.062482,3
84,"中央通２丁目",9,134.551348,34.063194,4
84,"中央通２丁目",9,134.552496,34.062835,5
84,"中央通２丁目",9,134.552624,34.06323,6
84,"中央通２丁目",9,134.551722,34.063532,7
84,"中央通２丁目",9,134.550858,34.063779,8
84,"中央通２丁目",9,134.550692,34.063349,9
85,"中央通３丁目",6,134.552496,34.062835,1
85,"中央通３丁目",6,134.552826,34.062741,2
85,"中央通３丁目",6,134.554357,34.062258,3
85,"中央通３丁目",6,134.554541,34.062624,4
85,"中央通３丁目",6,134.552624,34.06323,5
85,"中央通３丁目",6,134.552496,34.062835,6
86,"富田浜１丁目",12,134.552319,34.067874,1
86,"富田浜１丁目",12,134.550802,34.068841,2
86,"富田浜１丁目",12,134.550345,34.068412,3
86,"富田浜１丁目",12,134.550243,34.068317,4
86,"富田浜１丁目",12,134.550725,34.067978,5
86,"富田浜１丁目",12,134.5504,34.066888,6
86,"富田浜１丁目",12,134.551864,34.066598,7
86,"富田浜１丁目",12,134.552016,34.067006,8
86,"富田浜１丁目",12,134.552151,34.06737,9
86,"富田浜１丁目",12,134.553278,34.067157,10
86,"富田浜１丁目",12,134.553355,34.067519,11
86,"富田浜１丁目",12,134.552319,34.067874,12
87,"富田浜２丁目",5,134.552016,34.067006,1
87,"富田浜２丁目",5,134.553199,34.066775,2
87,"富田浜２丁目",5,134.553278,34.067157,3
87,"富田浜２丁目",5,134.552151,34.06737,4
87,"富田浜２丁目",5,134.552016,34.067006,5
88,"富田浜３丁目",7,134.553782,34.067392,1
88,"富田浜３丁目",7,134.553765,34.067074,2
88,"富田浜３丁目",7,134.554368,34.066975,3
88,"富田浜３丁目",7,134.554278,34.066553,4
88,"富田浜３丁目",7,134.555369,34.06634,5
88,"富田浜３丁目",7,134.555593,34.06718,6
88,"富田浜３丁目",7,134.553782,34.067392,7
89,"富田橋１丁目",18,134.553355,34.067519,1
89,"富田橋１丁目",18,134.553278,34.067157,2
89,"富田橋１丁目",18,134.553199,34.066775,3
89,"富田橋１丁目",18,134.552947,34.06587,4
89,"富田橋１丁目",18,134.552752,34.065312,5
89,"富田橋１丁目",18,134.551495,34.065531,6
89,"富田橋１丁目",18,134.55134,34.065098,7
89,"富田橋１丁目",18,134.551212,34.064742,8
89,"富田橋１丁目",18,134.552066,34.064521,9
89,"富田橋１丁目",18,134.554569,34.06395,10
89,"富田橋１丁目",18,134.554647,34.063933,11
89,"富田橋１丁目",18,134.555004,34.064929,12
89,"富田橋１丁目",18,134.553942,34.065121,13
89,"富田橋１丁目",18,134.554178,34.06613,14
89,"富田橋１丁目",18,134.553591,34.06624,15
89,"富田橋１丁目",18,134.553765,34.067074,16
89,"富田橋１丁目",18,134.553782,34.067392,17
89,"富田橋１丁目",18,134.553355,34.067519,18
90,"富田橋２丁目",12,134.551722,34.063532,1
90,"富田橋２丁目",12,134.552624,34.06323,2
90,"富田橋２丁目",12,134.554541,34.062624,3
90,"富田橋２丁目",12,134.554601,34.062801,4
90,"富田橋２丁目",12,134.553884,34.063024,5
90,"富田橋２丁目",12,134.553986,34.063238,6
90,"富田橋２丁目",12,134.553716,34.063346,7
90,"富田橋２丁目",12,134.553862,34.063848,8
90,"富田橋２丁目",12,134.554496,34.06365,9
90,"富田橋２丁目",12,134.554569,34.06395,10
90,"富田橋２丁目",12,134.552066,34.064521,11
90,"富田橋２丁目",12,134.551722,34.063532,12
91,"富田橋３丁目",9,134.550693,34.061579,1
91,"富田橋３丁目",9,134.552396,34.061253,2
91,"富田橋３丁目",9,134.552582,34.061664,3
91,"富田橋３丁目",9,134.552318,34.06177,4
91,"富田橋３丁目",9,134.552826,34.062741,5
91,"富田橋３丁目",9,134.552496,34.062835,6
91,"富田橋３丁目",9,134.551348,34.063194,7
91,"富田橋３丁目",9,134.550978,34.062482,8
91,"富田橋３丁目",9,134.550693,34.061579,9
92,"富田橋４丁目",7,134.550696,34.060324,1
92,"富田橋４丁目",7,134.551253,34.060116,2
92,"富田橋４丁目",7,134.551395,34.060441,3
92,"富田橋４丁目",7,134.552111,34.060334,4
92,"富田橋４丁目",7,134.552396,34.061253,5
92,"富田橋４丁目",7,134.550693,34.061579,6
92,"富田橋４丁目",7,134.550696,34.060324,7
93,"富田橋５丁目",6,134.55008,34.060549,1
93,"富田橋５丁目",6,134.550038,34.06,2
93,"富田橋５丁目",6,134.551573,34.06,3
93,"富田橋５丁目",6,134.551253,34.060116,4
93,"富田橋５丁目",6,134.550696,34.060324,5
93,"富田橋５丁目",6,134.55008,34.060549,6
94,"仲之町１丁目",6,134.5504,34.066888,1
94,"仲之町１丁目",6,134.550393,34.066857,2
94,"仲之町１丁目",6,134.55028,34.066372,3
94,"仲之町１丁目",6,134.5517,34.066111,4
94,"仲之町１丁目",6,134.551864,34.066598,5
94,"仲之町１丁目",6,134.5504,34.066888,6
95,"仲之町２丁目",6,134.551864,34.066598,1
95,"仲之町２丁目",6,134.5517,34.066111,2
95,"仲之町２丁目",6,134.552947,34.06587,3
95,"仲之町２丁目",6,134.553199,34.066775,4
95,"仲之町２丁目",6,134.552016,34.067006,5
95,"仲之町２丁目",6,134.551864,34.066598,6
96,"仲之町３丁目",10,134.553765,34.067074,1
96,"仲之町３丁目",10,134.553591,34.06624,2
96,"仲之町３丁目",10,134.554178,34.06613,3
96,"仲之町３丁目",10,134.553942,34.065121,4
96,"仲之町３丁目",10,134.555004,34.064929,5
96,"仲之町３丁目",10,134.555133,34.06543,6
96,"仲之町３丁目",10,134.555369,34.06634,7
96,"仲之町３丁目",10,134.554278,34.066553,8
96,"仲之町３丁目",10,134.554368,34.066975,9
96,"仲之町３丁目",10,134.553765,34.067074,10
97,"仲之町４丁目",6,134.555593,34.06718,1
97,"仲之町４丁目",6,134.555369,34.06634,2
97,"仲之町４丁目",6,134.555133,34.06543,3
97,"仲之町４丁目",6,134.556244,34.065233,4
97,"仲之町４丁目",6,134.556405,34.067104,5
97,"仲之町４丁目",6,134.555593,34.06718,6
98,"二軒屋町１丁目",11,134.547889,34.060002,1
98,"二軒屋町１丁目",11,134.547863,34.060791,2
98,"二軒屋町１丁目",11,134.547873,34.06098,3
98,"二軒屋町１丁目",11,134.547596,34.060994,4
98,"二軒屋町１丁目",11,134.547243,34.061012,5
98,"二軒屋町１丁目",11,134.546246,34.061081,6
98,"二軒屋町１丁目",11,134.546036,34.060413,7
98,"二軒屋町１丁目",11,134.544128,34.060289,8
98,"二軒屋町１丁目",11,134.544154,34.06,9
98,"二軒屋町１丁目",11,134.547889,34.06,10
98,"二軒屋町１丁目",11,134.547889,34.060002,11
99,"南仲之町１丁目",11,134.549312,34.066146,1
99,"南仲之町１丁目",11,134.549548,34.066136,2
99,"南仲之町１丁目",11,134.549543,34.065829,3
99,"南仲之町１丁目",11,134.550144,34.065753,4
99,"南仲之町１丁目",11,134.551495,34.065531,5
99,"南仲之町１丁目",11,134.5517,34.066111,6
99,"南仲之町１丁目",11,134.55028,34.066372,7
99,"南仲之町１丁目",11,134.550393,34.066857,8
99,"南仲之町１丁目",11,134.549776,34.066974,9
99,"南仲之町１丁目",11,134.549412,34.067029,10
99,"南仲之町１丁目",11,134.549312,34.066146,11
100,"南仲之町２丁目",5,134.552947,34.06587,1
100,"南仲之町２丁目",5,134.5517,34.066111,2
100,"南仲之町２丁目",5,134.551495,34.065531,3
100,"南仲之町２丁目",5,134.552752,34.065312,4
100,"南仲之町２丁目",5,134.552947,34.06587,5
101,"南仲之町４丁目",5,134.556244,34.065233,1
101,"南仲之町４丁目",5,134.555133,34.06543,2
101,"南仲之町４丁目",5,134.555004,34.064929,3
101,"南仲之町４丁目",5,134.556015,34.064747,4
101,"南仲之町４丁目",5,134.556244,34.065233,5
102,"明神町１丁目",5,134.556015,34.064747,1
102,"明神町１丁目",5,134.555004,34.064929,2
102,"明神町１丁目",5,134.554647,34.063933,3
102,"明神町１丁目",5,134.555463,34.063748,4
102,"明神町１丁目",5,134.556015,34.064747,5
103,"明神町２丁目",13,134.555463,34.063748,1
103,"明神町２丁目",13,134.554647,34.063933,2
103,"明神町２丁目",13,134.554569,34.06395,3
103,"明神町２丁目",13,134.554496,34.06365,4
103,"明神町２丁目",13,134.553862,34.063848,5
103,"明神町２丁目",13,134.553716,34.063346,6
103,"明神町２丁目",13,134.553986,34.063238,7
103,"明神町２丁目",13,134.553884,34.063024,8
103,"明神町２丁目",13,134.554601,34.062801,9
103,"明神町２丁目",13,134.554541,34.062624,10
103,"明神町２丁目",13,134.554357,34.062258,11
103,"明神町２丁目",13,134.554596,34.062183,12
103,"明神町２丁目",13,134.555463,34.063748,13
104,"明神町３丁目",10,134.554596,34.062183,1
104,"明神町３丁目",10,134.554357,34.062258,2
104,"明神町３丁目",10,134.552826,34.062741,3
104,"明神町３丁目",10,134.552318,34.06177,4
104,"明神町３丁目",10,134.552582,34.061664,5
104,"明神町３丁目",10,134.552396,34.061253,6
104,"明神町３丁目",10,134.552111,34.060334,7
104,"明神町３丁目",10,134.553056,34.06018,8
104,"明神町３丁目",10,134.55361,34.060752,9
104,"明神町３丁目",10,134.554596,34.062183,10
105,"明神町４丁目",7,134.553056,34.06018,1
105,"明神町４丁目",7,134.552111,34.060334,2
105,"明神町４丁目",7,134.551395,34.060441,3
105,"明神町４丁目",7,134.551253,34.060116,4
105,"明神町４丁目",7,134.551573,34.06,5
105,"明神町４丁目",7,134.552887,34.06,6
105,"明神町４丁目",7,134.553056,34.06018,7
106,"両国橋",7,134.550243,34.068317,1
106,"両国橋",7,134.550124,34.067961,2
106,"両国橋",7,134.549776,34.066974,3
106,"両国橋",7,134.550393,34.066857,4
106,"両国橋",7,134.5504,34.066888,5
106,"両国橋",7,134.550725,34.067978,6
106,"両国橋",7,134.550243,34.068317,7
107,"伊賀町２丁目",10,134.545115,34.06752,1
107,"伊賀町２丁目",10,134.544104,34.067529,2
107,"伊賀町２丁目",10,134.542711,34.067259,3
107,"伊賀町２丁目",10,134.542524,34.065301,4
107,"伊賀町２丁目",10,134.541648,34.064785,5
107,"伊賀町２丁目",10,134.541749,34.064263,6
107,"伊賀町２丁目",10,134.541825,34.063861,7
107,"伊賀町２丁目",10,134.544959,34.063809,8
107,"伊賀町２丁目",10,134.545042,34.065506,9
107,"伊賀町２丁目",10,134.545115,34.06752,10
108,"伊賀町３丁目",6,134.545689,34.063797,1
108,"伊賀町３丁目",6,134.544959,34.063809,2
108,"伊賀町３丁目",6,134.544905,34.062486,3
108,"伊賀町３丁目",6,134.545618,34.062451,4
108,"伊賀町３丁目",6,134.545642,34.062896,5
108,"伊賀町３丁目",6,134.545689,34.063797,6
109,"伊賀町４丁目",10,134.541825,34.063861,1
109,"伊賀町４丁目",10,134.540781,34.062756,2
109,"伊賀町４丁目",10,134.541233,34.062485,3
109,"伊賀町４丁目",10,134.541473,34.061516,4
109,"伊賀町４丁目",10,134.542189,34.061401,5
109,"伊賀町４丁目",10,134.545573,34.061791,6
109,"伊賀町４丁目",10,134.545618,34.062451,7
109,"伊賀町４丁目",10,134.544905,34.062486,8
109,"伊賀町４丁目",10,134.544959,34.063809,9
109,"伊賀町４丁目",10,134.541825,34.063861,10
110,"大道１丁目",12,134.548696,34.067124,1
110,"大道１丁目",12,134.547626,34.067253,2
110,"大道１丁目",12,134.547354,34.067281,3
110,"大道１丁目",12,134.547331,34.066282,4
110,"大道１丁目",12,134.546558,34.066269,5
110,"大道１丁目",12,134.546542,34.065463,6
110,"大道１丁目",12,134.547323,34.06544,7
110,"大道１丁目",12,134.547309,34.065001,8
110,"大道１丁目",12,134.548062,34.064978,9
110,"大道１丁目",12,134.548139,34.066227,10
110,"大道１丁目",12,134.548529,34.0662,11
110,"大道１丁目",12,134.548696,34.067124,12
111,"大道２丁目",8,134.548062,34.064978,1
111,"大道２丁目",8,134.547309,34.065001,2
111,"大道２丁目",8,134.547323,34.06544,3
111,"大道２丁目",8,134.546542,34.065463,4
111,"大道２丁目",8,134.546424,34.063786,5
111,"大道２丁目",8,134.547294,34.063759,6
111,"大道２丁目",8,134.547999,34.063732,7
111,"大道２丁目",8,134.548062,34.064978,8
112,"大道３丁目",6,134.547999,34.063732,1
112,"大道３丁目",6,134.547294,34.063759,2
112,"大道３丁目",6,134.547265,34.062404,3
112,"大道３丁目",6,134.547525,34.062395,4
112,"大道３丁目",6,134.54792,34.062381,5
112,"大道３丁目",6,134.547999,34.063732,6
113,"大道４丁目",6,134.547525,34.062395,1
113,"大道４丁目",6,134.547265,34.062404,2
113,"大道４丁目",6,134.547243,34.061012,3
113,"大道４丁目",6,134.547596,34.060994,4
113,"大道４丁目",6,134.547716,34.062242,5
113,"大道４丁目",6,134.547525,34.062395,6
114,"幟町１丁目",8,134.547354,34.067281,1
114,"幟町１丁目",8,134.546549,34.067378,2
114,"幟町１丁目",8,134.545876,34.067458,3
114,"幟町１丁目",8,134.545762,34.06548,4
114,"幟町１丁目",8,134.546542,34.065463,5
114,"幟町１丁目",8,134.546558,34.066269,6
114,"幟町１丁目",8,134.547331,34.066282,7
114,"幟町１丁目",8,134.547354,34.067281,8
115,"幟町２丁目",5,134.546542,34.065463,1
115,"幟町２丁目",5,134.545762,34.06548,2
115,"幟町２丁目",5,134.545689,34.063797,3
115,"幟町２丁目",5,134.546424,34.063786,4
115,"幟町２丁目",5,134.546542,34.065463,5
116,"幟町３丁目",8,134.545642,34.062896,1
116,"幟町３丁目",8,134.546361,34.062936,2
116,"幟町３丁目",8,134.546344,34.062433,3
116,"幟町３丁目",8,134.547265,34.062404,4
116,"幟町３丁目",8,134.547294,34.063759,5
116,"幟町３丁目",8,134.546424,34.063786,6
116,"幟町３丁目",8,134.545689,34.063797,7
116,"幟町３丁目",8,134.545642,34.062896,8
117,"幟町４丁目",5,134.547243,34.061012,1
117,"幟町４丁目",5,134.547265,34.062404,2
117,"幟町４丁目",5,134.546344,34.062433,3
117,"幟町４丁目",5,134.546246,34.061081,4
117,"幟町４丁目",5,134.547243,34.061012,5
118,"弓町１丁目",5,134.545042,34.065506,1
118,"弓町１丁目",5,134.545762,34.06548,2
118,"弓町１丁目",5,134.545876,34.067458,3
118,"弓町１丁目",5,134.545115,34.06752,4
118,"弓町１丁目",5,134.545042,34.065506,5
119,"弓町２丁目",5,134.544959,34.063809,1
119,"弓町２丁目",5,134.545689,34.063797,2
119,"弓町２丁目",5,134.545762,34.06548,3
119,"弓町２丁目",5,134.545042,34.065506,4
119,"弓町２丁目",5,134.544959,34.063809,5
120,"弓町３丁目",5,134.545618,34.062451,1
120,"弓町３丁目",5,134.546344,34.062433,2
120,"弓町３丁目",5,134.546361,34.062936,3
120,"弓町３丁目",5,134.545642,34.062896,4
120,"弓町３丁目",5,134.545618,34.062451,5
121,"弓町４丁目",11,134.546246,34.061081,1
121,"弓町４丁目",11,134.546344,34.062433,2
121,"弓町４丁目",11,134.545618,34.062451,3
121,"弓町４丁目",11,134.545573,34.061791,4
121,"弓町４丁目",11,134.542189,34.061401,5
121,"弓町４丁目",11,134.54268,34.060706,6
121,"弓町４丁目",11,134.542246,34.06,7
121,"弓町４丁目",11,134.544154,34.06,8
121,"弓町４丁目",11,134.544128,34.060289,9
121,"弓町４丁目",11,134.546036,34.060413,10
121,"弓町４丁目",11,134.546246,34.061081,11
122,"籠屋町１丁目",4,134.54826,34.068987,1
122,"籠屋町１丁目",4,134.547839,34.068984,2
122,"籠屋町１丁目",4,134.548223,34.068817,3
122,"籠屋町１丁目",4,134.54826,34.068987,4
123,"籠屋町２丁目",7,134.549412,34.067029,1
123,"籠屋町２丁目",7,134.549776,34.066974,2
123,"籠屋町２丁目",7,134.550124,34.067961,3
123,"籠屋町２丁目",7,134.547657,34.068263,4
123,"籠屋町２丁目",7,134.547626,34.067253,5
123,"籠屋町２丁目",7,134.548696,34.067124,6
123,"籠屋町２丁目",7,134.549412,34.067029,7
124,"寺町",22,134.544104,34.067529,1
124,"寺町",22,134.543934,34.068083,2
124,"寺町",22,134.5446,34.068731,3
124,"寺町",22,134.544832,34.069175,4
124,"寺町",22,134.544344,34.070038,5
124,"寺町",22,134.544123,34.070604,6
124,"寺町",22,134.544753,34.070799,7
124,"寺町",22,134.544596,34.071131,8
124,"寺町",22,134.545738,34.07146,9
124,"寺町",22,134.544889,34.072665,10
124,"寺町",22,134.544174,34.073448,11
124,"寺町",22,134.542873,34.073012,12
124,"寺町",22,134.54261,34.073522,13
124,"寺町",22,134.54144,34.073467,14
124,"寺町",22,134.54,34.072541,15
124,"寺町",22,134.54,34.064637,16
124,"寺町",22,134.540365,34.064259,17
124,"寺町",22,134.541749,34.064263,18
124,"寺町",22,134.541648,34.064785,19
124,"寺町",22,134.542524,34.065301,20
124,"寺町",22,134.542711,34.067259,21
124,"寺町",22,134.544104,34.067529,22
125,"銀座",8,134.550345,34.068412,1
125,"銀座",8,134.548222,34.068662,2
125,"銀座",8,134.547767,34.068737,3
125,"銀座",8,134.547526,34.068721,4
125,"銀座",8,134.547657,34.068263,5
125,"銀座",8,134.550124,34.067961,6
125,"銀座",8,134.550243,34.068317,7
125,"銀座",8,134.550345,34.068412,8
126,"西新町１丁目",6,134.547636,34.071112,1
126,"西新町１丁目",6,134.547042,34.071922,2
126,"西新町１丁目",6,134.546217,34.071599,3
126,"西新町１丁目",6,134.546717,34.070637,4
126,"西新町１丁目",6,134.54726,34.070894,5
126,"西新町１丁目",6,134.547636,34.071112,6
127,"西新町２丁目",12,134.5473,34.073096,1
127,"西新町２丁目",12,134.547101,34.072976,2
127,"西新町２丁目",12,134.546646,34.073493,3
127,"西新町２丁目",12,134.545726,34.073071,4
127,"西新町２丁目",12,134.545397,34.072931,5
127,"西新町２丁目",12,134.544889,34.072665,6
127,"西新町２丁目",12,134.545738,34.07146,7
127,"西新町２丁目",12,134.546217,34.071599,8
127,"西新町２丁目",12,134.547042,34.071922,9
127,"西新町２丁目",12,134.547636,34.071112,10
127,"西新町２丁目",12,134.54853,34.071566,11
127,"西新町２丁目",12,134.5473,34.073096,12
128,"西新町４丁目",8,134.54468,34.0755,1
128,"西新町４丁目",8,134.54387,34.074902,2
128,"西新町４丁目",8,134.543578,34.074672,3
128,"西新町４丁目",8,134.545397,34.072931,4
128,"西新町４丁目",8,134.545726,34.073071,5
128,"西新町４丁目",8,134.545021,34.073768,6
128,"西新町４丁目",8,134.546091,34.074437,7
128,"西新町４丁目",8,134.54468,34.0755,8
129,"西船場町３丁目",8,134.546893,34.073602,1
129,"西船場町３丁目",8,134.546091,34.074437,2
129,"西船場町３丁目",8,134.545021,34.073768,3
129,"西船場町３丁目",8,134.545726,34.073071,4
129,"西船場町３丁目",8,134.546646,34.073493,5
129,"西船場町３丁目",8,134.547101,34.072976,6
129,"西船場町３丁目",8,134.5473,34.073096,7
129,"西船場町３丁目",8,134.546893,34.073602,8
130,"西船場町５丁目",7,134.544025,34.075935,1
130,"西船場町５丁目",7,134.541979,34.075808,2
130,"西船場町５丁目",7,134.541964,34.07556,3
130,"西船場町５丁目",7,134.54342,34.075334,4
130,"西船場町５丁目",7,134.54387,34.074902,5
130,"西船場町５丁目",7,134.54468,34.0755,6
130,"西船場町５丁目",7,134.544025,34.075935,7
131,"西大工町１丁目",9,134.544344,34.070038,1
131,"西大工町１丁目",9,134.54616,34.070466,2
131,"西大工町１丁目",9,134.546717,34.070637,3
131,"西大工町１丁目",9,134.546217,34.071599,4
131,"西大工町１丁目",9,134.545738,34.07146,5
131,"西大工町１丁目",9,134.544596,34.071131,6
131,"西大工町１丁目",9,134.544753,34.070799,7
131,"西大工町１丁目",9,134.544123,34.070604,8
131,"西大工町１丁目",9,134.544344,34.070038,9
132,"西大工町４丁目",12,134.544889,34.072665,1
132,"西大工町４丁目",12,134.545397,34.072931,2
132,"西大工町４丁目",12,134.543578,34.074672,3
132,"西大工町４丁目",12,134.543272,34.074436,4
132,"西大工町４丁目",12,134.542205,34.07507,5
132,"西大工町４丁目",12,134.541964,34.07556,6
132,"西大工町４丁目",12,134.541719,34.075592,7
132,"西大工町４丁目",12,134.54144,34.073467,8
132,"西大工町４丁目",12,134.54261,34.073522,9
132,"西大工町４丁目",12,134.542873,34.073012,10
132,"西大工町４丁目",12,134.544174,34.073448,11
132,"西大工町４丁目",12,134.544889,34.072665,12
133,"西大工町５丁目",7,134.54387,34.074902,1
133,"西大工町５丁目",7,134.54342,34.075334,2
133,"西大工町５丁目",7,134.541964,34.07556,3
133,"西大工町５丁目",7,134.542205,34.07507,4
133,"西大工町５丁目",7,134.543272,34.074436,5
133,"西大工町５丁目",7,134.543578,34.074672,6
133,"西大工町５丁目",7,134.54387,34.074902,7
134,"東新町１丁目",8,134.548222,34.068662,1
134,"東新町１丁目",8,134.548438,34.069279,2
134,"東新町１丁目",8,134.548235,34.069692,3
134,"東新町１丁目",8,134.547564,34.070511,4
134,"東新町１丁目",8,134.547195,34.070219,5
134,"東新町１丁目",8,134.547732,34.069543,6
134,"東新町１丁目",8,134.547767,34.068737,7
134,"東新町１丁目",8,134.548222,34.068662,8
135,"東新町２丁目",6,134.548438,34.069279,1
135,"東新町２丁目",6,134.548957,34.068788,2
135,"東新町２丁目",6,134.54958,34.069096,3
135,"東新町２丁目",6,134.548942,34.070012,4
135,"東新町２丁目",6,134.548235,34.069692,5
135,"東新町２丁目",6,134.548438,34.069279,6
136,"東船場町１丁目",8,134.54853,34.071566,1
136,"東船場町１丁目",8,134.547636,34.071112,2
136,"東船場町１丁目",8,134.54726,34.070894,3
136,"東船場町１丁目",8,134.547564,34.070511,4
136,"東船場町１丁目",8,134.548235,34.069692,5
136,"東船場町１丁目",8,134.548942,34.070012,6
136,"東船場町１丁目",8,134.549492,34.070246,7
136,"東船場町１丁目",8,134.54853,34.071566,8
137,"東船場町２丁目",10,134.549721,34.069925,1
137,"東船場町２丁目",10,134.549492,34.070246,2
137,"東船場町２丁目",10,134.548942,34.070012,3
137,"東船場町２丁目",10,134.54958,34.069096,4
137,"東船場町２丁目",10,134.548957,34.068788,5
137,"東船場町２丁目",10,134.548438,34.069279,6
137,"東船場町２丁目",10,134.548222,34.068662,7
137,"東船場町２丁目",10,134.550345,34.068412,8
137,"東船場町２丁目",10,134.550802,34.068841,9
137,"東船場町２丁目",10,134.549721,34.069925,10
138,"東大工町１丁目",9,134.546717,34.070637,1
138,"東大工町１丁目",9,134.54616,34.070466,2
138,"東大工町１丁目",9,134.546657,34.069211,3
138,"東大工町１丁目",9,134.547266,34.069384,4
138,"東大工町１丁目",9,134.546969,34.070096,5
138,"東大工町１丁目",9,134.547195,34.070219,6
138,"東大工町１丁目",9,134.547564,34.070511,7
138,"東大工町１丁目",9,134.54726,34.070894,8
138,"東大工町１丁目",9,134.546717,34.070637,9
139,"東大工町２丁目",6,134.547526,34.068721,1
139,"東大工町２丁目",6,134.547266,34.069384,2
139,"東大工町２丁目",6,134.546657,34.069211,3
139,"東大工町２丁目",6,134.547063,34.068145,4
139,"東大工町２丁目",6,134.547657,34.068263,5
139,"東大工町２丁目",6,134.547526,34.068721,6
140,"東大工町３丁目",5,134.547626,34.067253,1
140,"東大工町３丁目",5,134.547657,34.068263,2
140,"東大工町３丁目",5,134.547063,34.068145,3
140,"東大工町３丁目",5,134.547354,34.067281,4
140,"東大工町３丁目",5,134.547626,34.067253,5
141,"東山手町１丁目",6,134.5446,34.068731,1
141,"東山手町１丁目",6,134.546657,34.069211,2
141,"東山手町１丁目",6,134.54616,34.070466,3
141,"東山手町１丁目",6,134.544344,34.070038,4
141,"東山手町１丁目",6,134.544832,34.069175,5
141,"東山手町１丁目",6,134.5446,34.068731,6
142,"東山手町２丁目",10,134.545115,34.06752,1
142,"東山手町２丁目",10,134.545876,34.067458,2
142,"東山手町２丁目",10,134.546549,34.067378,3
142,"東山手町２丁目",10,134.546331,34.067982,4
142,"東山手町２丁目",10,134.547063,34.068145,5
142,"東山手町２丁目",10,134.546657,34.069211,6
142,"東山手町２丁目",10,134.5446,34.068731,7
142,"東山手町２丁目",10,134.543934,34.068083,8
142,"東山手町２丁目",10,134.544104,34.067529,9
142,"東山手町２丁目",10,134.545115,34.06752,10
143,"東山手町３丁目",5,134.547354,34.067281,1
143,"東山手町３丁目",5,134.547063,34.068145,2
143,"東山手町３丁目",5,134.546331,34.067982,3
143,"東山手町３丁目",5,134.546549,34.067378,4
143,"東山手町３丁目",5,134.547354,34.067281,5
144,"南新町１丁目",5,134.547195,34.070219,1
144,"南新町１丁目",5,134.546969,34.070096,2
144,"南新町１丁目",5,134.547266,34.069384,3
144,"南新町１丁目",5,134.547732,34.069543,4
144,"南新町１丁目",5,134.547195,34.070219,5
145,"南新町２丁目",5,134.547767,34.068737,1
145,"南新町２丁目",5,134.547732,34.069543,2
145,"南新町２丁目",5,134.547266,34.069384,3
145,"南新町２丁目",5,134.547526,34.068721,4
145,"南新町２丁目",5,134.547767,34.068737,5
146,"北佐古一番町",4,134.542742,34.078597,1
146,"北佐古一番町",4,134.541758,34.08,2
146,"北佐古一番町",4,134.540006,34.08,3
146,"北佐古一番町",4,134.542742,34.078597,4
147,"佐古一番町",6,134.542742,34.078597,1
147,"佐古一番町",6,134.540006,34.08,2
147,"佐古一番町",6,134.54,34.075913,3
147,"佐古一番町",6,134.541979,34.075808,4
147,"佐古一番町",6,134.544025,34.075935,5
147,"佐古一番町",6,134.542742,34.078597,6
148,"南佐古一番町",7,134.54144,34.073467,1
148,"南佐古一番町",7,134.541719,34.075592,2
148,"南佐古一番町",7,134.541964,34.07556,3
148,"南佐古一番町",7,134.541979,34.075808,4
148,"南佐古一番町",7,134.54,34.075913,5
148,"南佐古一番町",7,134.54,34.072541,6
148,"南佐古一番町",7,134.54144,34.073467,7
149,"南田宮２丁目",6,134.54368,34.08,1
149,"南田宮２丁目",6,134.541758,34.08,2
149,"南田宮２丁目",6,134.542742,34.078597,3
149,"南田宮２丁目",6,134.543016,34.079534,4
149,"南田宮２丁目",6,134.543437,34.079923,5
149,"南田宮２丁目",6,134.54368,34.08,6
150,"北前川町１丁目",4,134.55592,34.08,1
150,"北前川町１丁目",4,134.555735,34.08,2
150,"北前川町１丁目",4,134.555892,34.079945,3
150,"北前川町１丁目",4,134.55592,34.08,4
151,"北前川町２丁目",6,134.555735,34.08,1
151,"北前川町２丁目",6,134.554929,34.08,2
151,"北前川町２丁目",6,134.556209,34.079634,3
151,"北前川町２丁目",6,134.556298,34.079813,4
151,"北前川町２丁目",6,134.555892,34.079945,5
151,"北前川町２丁目",6,134.555735,34.08,6
152,"助任本町１丁目",7,134.557599,34.07677,1
152,"助任本町１丁目",7,134.557896,34.077707,2
152,"助任本町１丁目",7,134.557418,34.077937,3
152,"助任本町１丁目",7,134.556678,34.078254,4
152,"助任本町１丁目",7,134.55621,34.078449,5
152,"助任本町１丁目",7,134.555417,34.076586,6
152,"助任本町１丁目",7,134.557599,34.07677,7
153,"助任本町２丁目",10,134.557418,34.077937,1
153,"助任本町２丁目",10,134.557921,34.078723,2
153,"助任本町２丁目",10,134.557591,34.078855,3
153,"助任本町２丁目",10,134.558059,34.079666,4
153,"助任本町２丁目",10,134.557371,34.08,5
153,"助任本町２丁目",10,134.556948,34.08,6
153,"助任本町２丁目",10,134.556726,34.079646,7
153,"助任本町２丁目",10,134.55737,34.079471,8
153,"助任本町２丁目",10,134.556678,34.078254,9
153,"助任本町２丁目",10,134.557418,34.077937,10
155,"助任橋２丁目",6,134.557921,34.078723,1
155,"助任橋２丁目",6,134.558267,34.078594,2
155,"助任橋２丁目",6,134.558723,34.079382,3
155,"助任橋２丁目",6,134.558059,34.079666,4
155,"助任橋２丁目",6,134.557591,34.078855,5
155,"助任橋２丁目",6,134.557921,34.078723,6
156,"助任橋３丁目",6,134.558059,34.079666,1
156,"助任橋３丁目",6,134.558723,34.079382,2
156,"助任橋３丁目",6,134.559275,34.079326,3
156,"助任橋３丁目",6,134.559632,34.08,4
156,"助任橋３丁目",6,134.558253,34.08,5
156,"助任橋３丁目",6,134.558059,34.079666,6
157,"中前川町１丁目",11,134.554929,34.08,1
157,"中前川町１丁目",11,134.554709,34.08,2
157,"中前川町１丁目",11,134.554694,34.079354,3
157,"中前川町１丁目",11,134.554667,34.079074,4
157,"中前川町１丁目",11,134.55621,34.078449,5
157,"中前川町１丁目",11,134.556678,34.078254,6
157,"中前川町１丁目",11,134.55737,34.079471,7
157,"中前川町１丁目",11,134.556726,34.079646,8
157,"中前川町１丁目",11,134.556298,34.079813,9
157,"中前川町１丁目",11,134.556209,34.079634,10
157,"中前川町１丁目",11,134.554929,34.08,11
158,"中前川町２丁目",7,134.554709,34.08,1
158,"中前川町２丁目",7,134.551014,34.08,2
158,"中前川町２丁目",7,134.550886,34.07973,3
158,"中前川町２丁目",7,134.552854,34.079617,4
158,"中前川町２丁目",7,134.552734,34.079197,5
158,"中前川町２丁目",7,134.554694,34.079354,6
158,"中前川町２丁目",7,134.554709,34.08,7
159,"中前川町３丁目",6,134.550886,34.07973,1
159,"中前川町３丁目",6,134.550817,34.079585,2
159,"中前川町３丁目",6,134.550758,34.079462,3
159,"中前川町３丁目",6,134.552734,34.079197,4
159,"中前川町３丁目",6,134.552854,34.079617,5
159,"中前川町３丁目",6,134.550886,34.07973,6
160,"中前川町４丁目",8,134.550817,34.079585,1
160,"中前川町４丁目",8,134.55022,34.08,2
160,"中前川町４丁目",8,134.549126,34.08,3
160,"中前川町４丁目",8,134.549618,34.079819,4
160,"中前川町４丁目",8,134.549315,34.0794,5
160,"中前川町４丁目",8,134.550578,34.079066,6
160,"中前川町４丁目",8,134.550758,34.079462,7
160,"中前川町４丁目",8,134.550817,34.079585,8
161,"南前川町２丁目",8,134.555417,34.076586,1
161,"南前川町２丁目",8,134.55621,34.078449,2
161,"南前川町２丁目",8,134.554667,34.079074,3
161,"南前川町２丁目",8,134.554694,34.079354,4
161,"南前川町２丁目",8,134.552734,34.079197,5
161,"南前川町２丁目",8,134.552065,34.077356,6
161,"南前川町２丁目",8,134.55397,34.076692,7
161,"南前川町２丁目",8,134.555417,34.076586,8
162,"南前川町３丁目",7,134.552065,34.077356,1
162,"南前川町３丁目",7,134.552734,34.079197,2
162,"南前川町３丁目",7,134.550758,34.079462,3
162,"南前川町３丁目",7,134.550578,34.079066,4
162,"南前川町３丁目",7,134.551515,34.078845,5
162,"南前川町３丁目",7,134.551132,34.077674,6
162,"南前川町３丁目",7,134.552065,34.077356,7
163,"南前川町４丁目",10,134.548885,34.078521,1
163,"南前川町４丁目",10,134.551132,34.077674,2
163,"南前川町４丁目",10,134.551515,34.078845,3
163,"南前川町４丁目",10,134.550578,34.079066,4
163,"南前川町４丁目",10,134.549315,34.0794,5
163,"南前川町４丁目",10,134.549618,34.079819,6
163,"南前川町４丁目",10,134.549126,34.08,7
163,"南前川町４丁目",10,134.548501,34.08,8
163,"南前川町４丁目",10,134.547968,34.078951,9
163,"南前川町４丁目",10,134.548885,34.078521,10
164,"南前川町５丁目",4,134.547968,34.078951,1
164,"南前川町５丁目",4,134.548501,34.08,2
164,"南前川町５丁目",4,134.545808,34.08,3
164,"南前川町５丁目",4,134.547968,34.078951,4
165,"吉野本町２丁目",5,134.551014,34.08,1
165,"吉野本町２丁目",5,134.55022,34.08,2
165,"吉野本町２丁目",5,134.550817,34.079585,3
165,"吉野本町２丁目",5,134.550886,34.07973,4
165,"吉野本町２丁目",5,134.551014,34.08,5
166,"北常三島町２丁目",4,134.563827,34.08,1
166,"北常三島町２丁目",4,134.563366,34.08,2
166,"北常三島町２丁目",4,134.563782,34.079756,3
166,"北常三島町２丁目",4,134.563827,34.08,4
167,"北常三島町３丁目",5,134.567115,34.08,1
167,"北常三島町３丁目",5,134.565203,34.08,2
167,"北常三島町３丁目",5,134.565356,34.079721,3
167,"北常三島町３丁目",5,134.566914,34.079748,4
167,"北常三島町３丁目",5,134.567115,34.08,5
168,"中常三島町１丁目",12,134.560541,34.07552,1
168,"中常三島町１丁目",12,134.562131,34.076014,2
168,"中常三島町１丁目",12,134.562479,34.07665,3
168,"中常三島町１丁目",12,134.563433,34.0769,4
168,"中常三島町１丁目",12,134.563575,34.078119,5
168,"中常三島町１丁目",12,134.563665,34.07893,6
168,"中常三島町１丁目",12,134.56139,34.079133,7
168,"中常三島町１丁目",12,134.561488,34.08,8
168,"中常三島町１丁目",12,134.559632,34.08,9
168,"中常三島町１丁目",12,134.559275,34.079326,10
168,"中常三島町１丁目",12,134.558728,34.076398,11
168,"中常三島町１丁目",12,134.560541,34.07552,12
169,"中常三島町２丁目",6,134.563366,34.08,1
169,"中常三島町２丁目",6,134.561488,34.08,2
169,"中常三島町２丁目",6,134.56139,34.079133,3
169,"中常三島町２丁目",6,134.563665,34.07893,4
169,"中常三島町２丁目",6,134.563782,34.079756,5
169,"中常三島町２丁目",6,134.563366,34.08,6
170,"中常三島町３丁目",18,134.563782,34.079756,1
170,"中常三島町３丁目",18,134.563665,34.07893,2
170,"中常三島町３丁目",18,134.563575,34.078119,3
170,"中常三島町３丁目",18,134.564693,34.077989,4
170,"中常三島町３丁目",18,134.564805,34.0788,5
170,"中常三島町３丁目",18,134.565732,34.07866,6
170,"中常三島町３丁目",18,134.565459,34.077613,7
170,"中常三島町３丁目",18,134.564978,34.077198,8
170,"中常三島町３丁目",18,134.564178,34.077029,9
170,"中常三島町３丁目",18,134.564539,34.076376,10
170,"中常三島町３丁目",18,134.565429,34.076763,11
170,"中常三島町３丁目",18,134.566055,34.077401,12
170,"中常三島町３丁目",18,134.566657,34.07899,13
170,"中常三島町３丁目",18,134.566914,34.079748,14
170,"中常三島町３丁目",18,134.565356,34.079721,15
170,"中常三島町３丁目",18,134.565203,34.08,16
170,"中常三島町３丁目",18,134.563827,34.08,17
170,"中常三島町３丁目",18,134.563782,34.079756,18
171,"南常三島町１丁目",9,134.558728,34.076398,1
171,"南常三島町１丁目",9,134.559275,34.079326,2
171,"南常三島町１丁目",9,134.558723,34.079382,3
171,"南常三島町１丁目",9,134.558267,34.078594,4
171,"南常三島町１丁目",9,134.557921,34.078723,5
171,"南常三島町１丁目",9,134.557418,34.077937,6
171,"南常三島町１丁目",9,134.557896,34.077707,7
171,"南常三島町１丁目",9,134.557599,34.07677,8
171,"南常三島町１丁目",9,134.558728,34.076398,9
172,"南常三島町３丁目",12,134.562131,34.076014,1
172,"南常三島町３丁目",12,134.564539,34.076376,2
172,"南常三島町３丁目",12,134.564178,34.077029,3
172,"南常三島町３丁目",12,134.564978,34.077198,4
172,"南常三島町３丁目",12,134.565459,34.077613,5
172,"南常三島町３丁目",12,134.565732,34.07866,6
172,"南常三島町３丁目",12,134.564805,34.0788,7
172,"南常三島町３丁目",12,134.564693,34.077989,8
172,"南常三島町３丁目",12,134.563575,34.078119,9
172,"南常三島町３丁目",12,134.563433,34.0769,10
172,"南常三島町３丁目",12,134.562479,34.07665,11
172,"南常三島町３丁目",12,134.562131,34.076014,12
173,"住吉１丁目",13,134.562463,34.073232,1
173,"住吉１丁目",13,134.564247,34.072339,2
173,"住吉１丁目",13,134.565483,34.072323,3
173,"住吉１丁目",13,134.567698,34.072728,4
173,"住吉１丁目",13,134.56761,34.072972,5
173,"住吉１丁目",13,134.568317,34.072984,6
173,"住吉１丁目",13,134.56852,34.073835,7
173,"住吉１丁目",13,134.567871,34.074459,8
173,"住吉１丁目",13,134.565812,34.075445,9
173,"住吉１丁目",13,134.564539,34.076376,10
173,"住吉１丁目",13,134.562131,34.076014,11
173,"住吉１丁目",13,134.560541,34.07552,12
173,"住吉１丁目",13,134.562463,34.073232,13
174,"住吉２丁目",9,134.564539,34.076376,1
174,"住吉２丁目",9,134.565812,34.075445,2
174,"住吉２丁目",9,134.567871,34.074459,3
174,"住吉２丁目",9,134.569165,34.075959,4
174,"住吉２丁目",9,134.569972,34.078197,5
174,"住吉２丁目",9,134.566657,34.07899,6
174,"住吉２丁目",9,134.566055,34.077401,7
174,"住吉２丁目",9,134.565429,34.076763,8
174,"住吉２丁目",9,134.564539,34.076376,9
175,"住吉３丁目",11,134.567698,34.072728,1
175,"住吉３丁目",11,134.568267,34.072757,2
175,"住吉３丁目",11,134.57,34.072233,3
175,"住吉３丁目",11,134.57,34.078189,4
175,"住吉３丁目",11,134.569972,34.078197,5
175,"住吉３丁目",11,134.569165,34.075959,6
175,"住吉３丁目",11,134.567871,34.074459,7
175,"住吉３丁目",11,134.56852,34.073835,8
175,"住吉３丁目",11,134.568317,34.072984,9
175,"住吉３丁目",11,134.56761,34.072972,10
175,"住吉３丁目",11,134.567698,34.072728,11
176,"住吉４丁目",7,134.566914,34.079748,1
176,"住吉４丁目",7,134.566657,34.07899,2
176,"住吉４丁目",7,134.569972,34.078197,3
176,"住吉４丁目",7,134.57,34.078189,4
176,"住吉４丁目",7,134.57,34.08,5
176,"住吉４丁目",7,134.567115,34.08,6
176,"住吉４丁目",7,134.566914,34.079748,7
177,"福島１丁目",15,134.562868,34.068475,1
177,"福島１丁目",15,134.563548,34.066679,2
177,"福島１丁目",15,134.564265,34.066635,3
177,"福島１丁目",15,134.564519,34.06733,4
177,"福島１丁目",15,134.563182,34.068388,5
177,"福島１丁目",15,134.563135,34.068711,6
177,"福島１丁目",15,134.566996,34.068089,7
177,"福島１丁目",15,134.568267,34.072757,8
177,"福島１丁目",15,134.567698,34.072728,9
177,"福島１丁目",15,134.565483,34.072323,10
177,"福島１丁目",15,134.564247,34.072339,11
177,"福島１丁目",15,134.562463,34.073232,12
177,"福島１丁目",15,134.56246,34.072969,13
177,"福島１丁目",15,134.562483,34.07131,14
177,"福島１丁目",15,134.562868,34.068475,15
178,"福島２丁目",8,134.568267,34.072757,1
178,"福島２丁目",8,134.566996,34.068089,2
178,"福島２丁目",8,134.568965,34.067767,3
178,"福島２丁目",8,134.569515,34.06919,4
178,"福島２丁目",8,134.569737,34.070419,5
178,"福島２丁目",8,134.57,34.07038,6
178,"福島２丁目",8,134.57,34.072233,7
178,"福島２丁目",8,134.568267,34.072757,8
179,"安宅１丁目",5,134.569515,34.06919,1
179,"安宅１丁目",5,134.57,34.069134,2
179,"安宅１丁目",5,134.57,34.07038,3
179,"安宅１丁目",5,134.569737,34.070419,4
179,"安宅１丁目",5,134.569515,34.06919,5
180,"大和町１丁目",7,134.568965,34.067767,1
180,"大和町１丁目",7,134.568875,34.067143,2
180,"大和町１丁目",7,134.569105,34.067016,3
180,"大和町１丁目",7,134.57,34.066999,4
180,"大和町１丁目",7,134.57,34.069134,5
180,"大和町１丁目",7,134.569515,34.06919,6
180,"大和町１丁目",7,134.568965,34.067767,7
181,"新南福島１丁目",10,134.566335,34.065202,1
181,"新南福島１丁目",10,134.567648,34.066566,2
181,"新南福島１丁目",10,134.567633,34.066767,3
181,"新南福島１丁目",10,134.566671,34.066955,4
181,"新南福島１丁目",10,134.566996,34.068089,5
181,"新南福島１丁目",10,134.563135,34.068711,6
181,"新南福島１丁目",10,134.563182,34.068388,7
181,"新南福島１丁目",10,134.564519,34.06733,8
181,"新南福島１丁目",10,134.564265,34.066635,9
181,"新南福島１丁目",10,134.566335,34.065202,10
182,"新南福島２丁目",9,134.566996,34.068089,1
182,"新南福島２丁目",9,134.566671,34.066955,2
182,"新南福島２丁目",9,134.567633,34.066767,3
182,"新南福島２丁目",9,134.567648,34.066566,4
182,"新南福島２丁目",9,134.568868,34.066319,5
182,"新南福島２丁目",9,134.569105,34.067016,6
182,"新南福島２丁目",9,134.568875,34.067143,7
182,"新南福島２丁目",9,134.568965,34.067767,8
182,"新南福島２丁目",9,134.566996,34.068089,9
183,"末広１丁目",9,134.569468,34.061205,1
183,"末広１丁目",9,134.57,34.061918,2
183,"末広１丁目",9,134.57,34.066999,3
183,"末広１丁目",9,134.569105,34.067016,4
183,"末広１丁目",9,134.568868,34.066319,5
183,"末広１丁目",9,134.567648,34.066566,6
183,"末広１丁目",9,134.566335,34.065202,7
183,"末広１丁目",9,134.568405,34.062291,8
183,"末広１丁目",9,134.569468,34.061205,9
184,"南末広町",4,134.57,34.06073,1
184,"南末広町",4,134.57,34.061918,2
184,"南末広町",4,134.569468,34.061205,3
184,"南末広町",4,134.57,34.06073,4
185,"八万町中津山",12,134.541749,34.064263,1
185,"八万町中津山",12,134.540365,34.064259,2
185,"八万町中津山",12,134.54,34.064637,3
185,"八万町中津山",12,134.54,34.06,4
185,"八万町中津山",12,134.542246,34.06,5
185,"八万町中津山",12,134.54268,34.060706,6
185,"八万町中津山",12,134.542189,34.061401,7
185,"八万町中津山",12,134.541473,34.061516,8
185,"八万町中津山",12,134.541233,34.062485,9
185,"八万町中津山",12,134.540781,34.062756,10
185,"八万町中津山",12,134.541825,34.063861,11
185,"八万町中津山",12,134.541749,34.064263,12