"s{R[h","s{","s撬R[h","s撬","厚ڃR[h","厚ږ","ܓx","ox","TR[h","厚EEڋ敪R[h"
"36","","36201","s","362010001001","꒬꒚","34.073407","134.548083","0","3"
"36","","36201","s","362010001002","꒬񒚖","34.074604","134.546918","0","3"
"36","","36201","s","362010002001","Hc꒚","34.065880","134.549536","0","3"
"36","","36201","s","362010002002","Hc񒚖","34.064247","134.549739","0","3"
"36","","36201","s","362010002003","HcO","34.062963","134.549342","0","3"
"36","","36201","s","362010002004","Hcl","34.061556","134.549272","0","3"
"36","","36201","s","362010002005","Hcܒ","34.059945","134.549161","0","3"
"36","","36201","s","362010002006","HcZ","34.058606","134.549099","0","3"
"36","","36201","s","362010003001","򒬈꒚","34.072534","134.503629","0","3"
"36","","36201","s","362010003002","򒬓񒚖","34.072533","134.500579","0","3"
"36","","36201","s","362010004001","꒚","34.070565","134.571522","0","3"
"36","","36201","s","362010004002","񒚖","34.070649","134.575330","0","3"
"36","","36201","s","362010004003","O","34.069668","134.578881","0","3"
"36","","36201","s","362010005000","ђJ","33.973595","134.551232","0","1"
"36","","36201","s","362010006001","ɉ꒬꒚","34.066490","134.544631","0","3"
"36","","36201","s","362010006002","ɉ꒬񒚖","34.064678","134.544501","0","3"
"36","","36201","s","362010006003","ɉ꒬O","34.063149","134.544225","0","3"
"36","","36201","s","362010006004","ɉ꒬l","34.062020","134.544435","0","3"
"36","","36201","s","362010007000","{","34.029041","134.470661","0","1"
"36","","36201","s","362010008001","Ԓ꒚","34.072065","134.553330","0","3"
"36","","36201","s","362010008002","Ԓ񒚖","34.072452","134.552237","0","3"
"36","","36201","s","362010008003","ԒO","34.072937","134.551306","0","3"
"36","","36201","s","362010009001","Ɍ꒚","34.065464","134.551552","0","3"
"36","","36201","s","362010009002","Ɍ񒚖","34.064245","134.551071","0","3"
"36","","36201","s","362010009003","ɌO","34.062682","134.550088","0","3"
"36","","36201","s","362010009004","Ɍl","34.061320","134.550014","0","3"
"36","","36201","s","362010009005","Ɍܒ","34.059829","134.549786","0","3"
"36","","36201","s","362010009006","ɌZ","34.058720","134.549781","0","3"
"36","","36201","s","362010010000","__Yƒcn","34.122362","134.523069","0","1"
"36","","36201","s","362010011000","_","34.108295","134.535315","0","1"
"36","","36201","s","362010012000","_","34.115518","134.509651","0","1"
"36","","36201","s","362010013000","_","34.113959","134.518757","0","1"
"36","","36201","s","362010014000","_Ð","34.103249","134.549209","0","1"
"36","","36201","s","362010015000","_g","34.114119","134.530526","0","1"
"36","","36201","s","362010016000","J","34.032825","134.533428","0","1"
"36","","36201","s","362010017000","匴","34.027678","134.576657","0","1"
"36","","36201","s","362010018000","叼","34.026142","134.555503","0","1"
"36","","36201","s","362010019001","哹꒚","34.066157","134.547374","0","3"
"36","","36201","s","362010019002","哹񒚖","34.064642","134.547248","0","3"
"36","","36201","s","362010019003","哹O","34.063023","134.547249","0","3"
"36","","36201","s","362010019004","哹l","34.061680","134.547218","0","3"
"36","","36201","s","362010020001","l꒚","34.054986","134.553132","0","3"
"36","","36201","s","362010020002","l񒚖","34.053034","134.552153","0","3"
"36","","36201","s","362010020003","lO","34.050414","134.551156","0","3"
"36","","36201","s","362010021000","l","34.053244","134.549406","0","1"
"36","","36201","s","362010022001","l꒚","34.054473","134.554984","0","3"
"36","","36201","s","362010022002","l񒚖","34.052382","134.554529","0","3"
"36","","36201","s","362010022003","lO","34.050379","134.553806","0","3"
"36","","36201","s","362010023001","ĉ꒚","34.068791","134.548157","0","3"
"36","","36201","s","362010023002","ĉ񒚖","34.067835","134.547987","0","3"
"36","","36201","s","362010024001","t꒚","34.093815","134.535301","0","3"
"36","","36201","s","362010024002","t񒚖","34.092941","134.528822","0","3"
"36","","36201","s","362010024003","tO","34.091850","134.525445","0","3"
"36","","36201","s","362010025000","t","34.099467","134.535684","0","1"
"36","","36201","s","362010026000","㒬","34.018722","134.530676","0","1"
"36","","36201","s","362010027001","ǂ꒚","34.065350","134.556761","0","3"
"36","","36201","s","362010027002","ǂ񒚖","34.062808","134.555740","0","3"
"36","","36201","s","362010027003","ǂO","34.060984","134.554746","0","3"
"36","","36201","s","362010027004","ǂl","34.059722","134.554215","0","3"
"36","","36201","s","362010027005","ǂܒ","34.058741","134.553908","0","3"
"36","","36201","s","362010027006","ǂZ","34.057462","134.553612","0","3"
"36","","36201","s","362010028000","蒬","34.018971","134.549956","0","1"
"36","","36201","s","362010029001","꒚","34.078461","134.583015","0","3"
"36","","36201","s","362010029002","񒚖","34.077046","134.587536","0","3"
"36","","36201","s","362010030000","㔪","34.033361","134.506754","0","1"
"36","","36201","s","362010031001","g쒬꒚","34.088734","134.561700","0","3"
"36","","36201","s","362010031002","g쒬񒚖","34.089723","134.559829","0","3"
"36","","36201","s","362010031003","g쒬O","34.090744","134.556474","0","3"
"36","","36201","s","362010032000","Ζ","34.058538","134.507412","0","1"
"36","","36201","s","362010033000","","34.106079","134.574360","0","1"
"36","","36201","s","362010034001","kF꒚","34.070624","134.583076","0","3"
"36","","36201","s","362010034002","kF񒚖","34.073826","134.591007","0","3"
"36","","36201","s","362010034003","kFO","34.068389","134.589798","0","3"
"36","","36201","s","362010034004","kFl","34.071653","134.595098","0","3"
"36","","36201","s","362010035000","kÈԒ","34.081792","134.539392","0","1"
"36","","36201","s","362010036000","kÓԒ","34.082845","134.535894","0","1"
"36","","36201","s","362010037001","kc꒚","34.087473","134.515713","0","3"
"36","","36201","s","362010037002","kc񒚖","34.085757","134.513046","0","3"
"36","","36201","s","362010037003","kcO","34.089053","134.511653","0","3"
"36","","36201","s","362010038001","kO꒚","34.081152","134.561069","0","3"
"36","","36201","s","362010038002","kO񒚖","34.081562","134.562719","0","3"
"36","","36201","s","362010038003","kOO","34.081380","134.565825","0","3"
"36","","36201","s","362010039001","kc{꒚","34.091693","134.546924","0","3"
"36","","36201","s","362010039002","kc{񒚖","34.091273","134.541880","0","3"
"36","","36201","s","362010039003","kc{O","34.089315","134.536918","0","3"
"36","","36201","s","362010039004","kc{l","34.088826","134.531675","0","3"
"36","","36201","s","362010040001","ko꒚","34.078575","134.547647","0","3"
"36","","36201","s","362010040002","ko񒚖","34.079506","134.546021","0","3"
"36","","36201","s","362010041001","kO쒬꒚","34.080426","134.555766","0","3"
"36","","36201","s","362010041002","kO쒬񒚖","34.080517","134.554853","0","3"
"36","","36201","s","362010041003","kO쒬O","34.081067","134.552903","0","3"
"36","","36201","s","362010041004","kO쒬l","34.081455","134.550082","0","3"
"36","","36201","s","362010041005","kO쒬ܒ","34.081891","134.548762","0","3"
"36","","36201","s","362010042001","kO꒚","34.087612","134.527534","0","3"
"36","","36201","s","362010042002","kO񒚖","34.089093","134.523714","0","3"
"36","","36201","s","362010042003","kOO","34.088492","134.520906","0","3"
"36","","36201","s","362010042004","kOl","34.087214","134.518233","0","3"
"36","","36201","s","362010043000","kR","34.026984","134.533686","0","1"
"36","","36201","s","362010044000","","34.068476","134.549255","0","1"
"36","","36201","s","362010045001","{꒚","34.077262","134.519947","0","3"
"36","","36201","s","362010045002","{񒚖","34.076377","134.517683","0","3"
"36","","36201","s","362010045003","{O","34.078066","134.516565","0","3"
"36","","36201","s","362010046001","{꒚","34.078747","134.519835","0","3"
"36","","36201","s","362010046002","{񒚖","34.080090","134.518462","0","3"
"36","","36201","s","362010046003","{O","34.081813","134.518761","0","3"
"36","","36201","s","362010047000","{rK","34.078615","134.470808","0","1"
"36","","36201","s","362010048000","{","34.083273","134.484761","0","1"
"36","","36201","s","362010049000","{","34.049181","134.481075","0","1"
"36","","36201","s","362010050000","{쌴c","34.090992","134.472214","0","1"
"36","","36201","s","362010051000","{ω","34.069936","134.472055","0","1"
"36","","36201","s","362010052000","{k≄","34.084461","134.492529","0","1"
"36","","36201","s","362010053000","{{","34.073489","134.480068","0","1"
"36","","36201","s","362010054000","{","34.083199","134.465958","0","1"
"36","","36201","s","362010055000","{","34.106666","134.463405","0","1"
"36","","36201","s","362010056000","{~n","34.075793","134.466976","0","1"
"36","","36201","s","362010057000","{Ō","34.093154","134.463040","0","1"
"36","","36201","s","362010058000","{","34.061892","134.479174","0","1"
"36","","36201","s","362010059000","{c","34.104038","134.468679","0","1"
"36","","36201","s","362010060000","{","34.090434","134.478169","0","1"
"36","","36201","s","362010061000","{","34.053284","134.469820","0","1"
"36","","36201","s","362010062000","{ԉ","34.092693","134.486348","0","1"
"36","","36201","s","362010063000","{","34.062182","134.485669","0","1"
"36","","36201","s","362010064000","{J","34.082153","134.476552","0","1"
"36","","36201","s","362010065000","{c","34.103923","134.480223","0","1"
"36","","36201","s","362010066000","{","34.092864","134.480910","0","1"
"36","","36201","s","362010067000","{≄","34.079205","134.497096","0","1"
"36","","36201","s","362010068000","{","34.060551","134.473426","0","1"
"36","","36201","s","362010069000","{","34.093164","134.454437","0","1"
"36","","36201","s","362010070000","{ac","34.073631","134.490211","0","1"
"36","","36201","s","362010071000","","34.067119","134.548716","0","1"
"36","","36201","s","362010072000","G꒬","34.036384","134.557319","0","1"
"36","","36201","s","362010073001","K꒚","34.071485","134.554704","0","3"
"36","","36201","s","362010073002","K񒚖","34.070168","134.554799","0","3"
"36","","36201","s","362010073003","KO","34.068384","134.554865","0","3"
"36","","36201","s","362010074001","h꒚","34.065868","134.548774","0","3"
"36","","36201","s","362010074002","h񒚖","34.064303","134.548724","0","3"
"36","","36201","s","362010074003","hO","34.063056","134.548657","0","3"
"36","","36201","s","362010074004","hl","34.061611","134.548566","0","3"
"36","","36201","s","362010074005","hܒ","34.060232","134.548516","0","3"
"36","","36201","s","362010074006","hZ","34.058774","134.548430","0","3"
"36","","36201","s","362010075000","ÈԒ","34.077890","134.541324","0","1"
"36","","36201","s","362010076000","ÓԒ","34.078435","134.538503","0","1"
"36","","36201","s","362010077000","ÎOԒ","34.078658","134.535981","0","1"
"36","","36201","s","362010078000","ÎlԒ","34.078794","134.533440","0","1"
"36","","36201","s","362010079000","ÌܔԒ","34.078881","134.530965","0","1"
"36","","36201","s","362010080000","ØZԒ","34.078277","134.527334","0","1"
"36","","36201","s","362010081000","ÎԒ","34.078066","134.524224","0","1"
"36","","36201","s","362010082000","ÔԒ","34.077777","134.521891","0","1"
"36","","36201","s","362010083000","ÎR","34.070256","134.523048","0","1"
"36","","36201","s","362010084000","O","34.034571","134.548027","0","1"
"36","","36201","s","362010085000","a쒬","34.007617","134.525010","0","1"
"36","","36201","s","362010086001","C꒚","34.081371","134.557339","0","3"
"36","","36201","s","362010086002","C񒚖","34.082206","134.555723","0","3"
"36","","36201","s","362010086003","CO","34.082212","134.553440","0","3"
"36","","36201","s","362010086004","Cl","34.083209","134.550482","0","3"
"36","","36201","s","362010086005","Cܒ","34.082870","134.549030","0","3"
"36","","36201","s","362010087000","","34.031425","134.484270","0","1"
"36","","36201","s","362010088001","铌꒚","34.074611","134.573574","0","3"
"36","","36201","s","362010088002","铌񒚖","34.073713","134.576620","0","3"
"36","","36201","s","362010089001","쒬꒚","34.056591","134.539827","0","3"
"36","","36201","s","362010089002","쒬񒚖","34.054987","134.541308","0","3"
"36","","36201","s","362010089003","쒬O","34.053798","134.539101","0","3"
"36","","36201","s","362010089004","쒬l","34.052378","134.540864","0","3"
"36","","36201","s","362010090001","꒚","34.075593","134.514487","0","3"
"36","","36201","s","362010090002","񒚖","34.076427","134.511819","0","3"
"36","","36201","s","362010090003","O","34.075486","134.510408","0","3"
"36","","36201","s","362010090004","l","34.075149","134.508302","0","3"
"36","","36201","s","362010090005","ܒ","34.074546","134.505725","0","3"
"36","","36201","s","362010091000","Z","34.008359","134.549400","0","1"
"36","","36201","s","362010092001","a꒚","34.064492","134.557767","0","3"
"36","","36201","s","362010092002","a񒚖","34.064223","134.559152","0","3"
"36","","36201","s","362010092003","aO","34.063503","134.560566","0","3"
"36","","36201","s","362010092004","al","34.062744","134.562030","0","3"
"36","","36201","s","362010092005","aܒ","34.061319","134.563430","0","3"
"36","","36201","s","362010092006","aZ","34.059357","134.565383","0","3"
"36","","36201","s","362010092007","a","34.058683","134.567631","0","3"
"36","","36201","s","362010092008","a","34.057123","134.572554","0","3"
"36","","36201","s","362010093001","V꒚","34.069755","134.552791","0","3"
"36","","36201","s","362010093002","V񒚖","34.070367","134.550920","0","3"
"36","","36201","s","362010094001","V꒚","34.070208","134.557950","0","3"
"36","","36201","s","362010094002","V񒚖","34.070088","134.559834","0","3"
"36","","36201","s","362010094003","VO","34.069866","134.561506","0","3"
"36","","36201","s","362010095001","Vl꒚","34.051736","134.570302","0","3"
"36","","36201","s","362010095002","Vl񒚖","34.049875","134.568398","0","3"
"36","","36201","s","362010095003","VlO","34.048028","134.567230","0","3"
"36","","36201","s","362010095004","Vll","34.051047","134.565834","0","3"
"36","","36201","s","362010096001","Vl{꒚","34.043999","134.572639","0","3"
"36","","36201","s","362010096002","Vl{񒚖","34.043470","134.568054","0","3"
"36","","36201","s","362010096003","Vl{O","34.046519","134.566181","0","3"
"36","","36201","s","362010096004","Vl{l","34.047324","134.570722","0","3"
"36","","36201","s","362010097001","V꒚","34.071047","134.547433","0","3"
"36","","36201","s","362010097002","V񒚖","34.070233","134.545677","0","3"
"36","","36201","s","362010098001","V앟꒚","34.067043","134.565161","0","3"
"36","","36201","s","362010098002","V앟񒚖","34.067203","134.567822","0","3"
"36","","36201","s","362010099001","L꒚","34.064176","134.569115","0","3"
"36","","36201","s","362010099002","L񒚖","34.064990","134.573685","0","3"
"36","","36201","s","362010099003","LO","34.067141","134.575932","0","3"
"36","","36201","s","362010099004","Ll","34.065849","134.579558","0","3"
"36","","36201","s","362010099005","Lܒ","34.063677","134.577647","0","3"
"36","","36201","s","362010100001","C꒚","34.077164","134.558121","0","3"
"36","","36201","s","362010100002","C񒚖","34.078650","134.557880","0","3"
"36","","36201","s","362010100003","CO","34.080289","134.559269","0","3"
"36","","36201","s","362010100004","Cl","34.081513","134.560116","0","3"
"36","","36201","s","362010101001","C{꒚","34.077510","134.556552","0","3"
"36","","36201","s","362010101002","C{񒚖","34.079056","134.557467","0","3"
"36","","36201","s","362010101003","C{O","34.080289","134.558127","0","3"
"36","","36201","s","362010101004","C{l","34.081697","134.558969","0","3"
"36","","36201","s","362010101005","C{ܒ","34.082929","134.559808","0","3"
"36","","36201","s","362010101006","C{Z","34.084588","134.559829","0","3"
"36","","36201","s","362010101007","C{","34.088270","134.563048","0","3"
"36","","36201","s","362010102001","Zg꒚","34.074291","134.564826","0","3"
"36","","36201","s","362010102002","Zg񒚖","34.076729","134.567330","0","3"
"36","","36201","s","362010102003","ZgO","34.075204","134.570352","0","3"
"36","","36201","s","362010102004","Zgl","34.083379","134.571983","0","3"
"36","","36201","s","362010102005","Zgܒ","34.081624","134.575612","0","3"
"36","","36201","s","362010102006","ZgZ","34.080534","134.579077","0","3"
"36","","36201","s","362010103001","꒚","34.060628","134.546502","0","3"
"36","","36201","s","362010103002","񒚖","34.060422","134.544419","0","3"
"36","","36201","s","362010104001","鏠꒚","34.065921","134.548067","0","3"
"36","","36201","s","362010104002","鏠񒚖","34.064325","134.548037","0","3"
"36","","36201","s","362010104003","鏠O","34.063025","134.548043","0","3"
"36","","36201","s","362010104004","鏠l","34.061692","134.547967","0","3"
"36","","36201","s","362010104005","鏠ܒ","34.060083","134.547910","0","3"
"36","","36201","s","362010104006","鏠Z","34.058910","134.547912","0","3"
"36","","36201","s","362010105000","Ɨǒ","33.982638","134.532583","0","1"
"36","","36201","s","362010106001","ʈ꒚","34.063529","134.550228","0","3"
"36","","36201","s","362010106002","ʓ񒚖","34.063150","134.551512","0","3"
"36","","36201","s","362010106003","ʎO","34.062258","134.553475","0","3"
"36","","36201","s","362010106004","ʎl","34.061924","134.555115","0","3"
"36","","36201","s","362010107000","ÓcCݒ","34.045385","134.586812","0","1"
"36","","36201","s","362010108001","Óc꒚","34.052197","134.582274","0","3"
"36","","36201","s","362010108002","Óc񒚖","34.048861","134.581849","0","3"
"36","","36201","s","362010108003","ÓcO","34.046984","134.581091","0","3"
"36","","36201","s","362010108004","Ócl","34.043621","134.580089","0","3"
"36","","36201","s","362010109001","Óc꒚","34.051368","134.575755","0","3"
"36","","36201","s","362010109002","Óc񒚖","34.048255","134.574695","0","3"
"36","","36201","s","362010110000","ÓclV","34.051246","134.573095","0","1"
"36","","36201","s","362010111001","Óc{꒚","34.052462","134.578818","0","3"
"36","","36201","s","362010111002","Óc{񒚖","34.049806","134.578384","0","3"
"36","","36201","s","362010111003","Óc{O","34.047961","134.577625","0","3"
"36","","36201","s","362010111004","Óc{l","34.046070","134.576212","0","3"
"36","","36201","s","362010111005","Óc{ܒ","34.043487","134.576849","0","3"
"36","","36201","s","362010112001","o{꒚","34.077556","134.546580","0","3"
"36","","36201","s","362010112002","o{񒚖","34.078345","134.545199","0","3"
"36","","36201","s","362010112003","o{O","34.079511","134.544423","0","3"
"36","","36201","s","362010112004","o{l","34.079112","134.543336","0","3"
"36","","36201","s","362010113001","{꒚","34.074310","134.549645","0","3"
"36","","36201","s","362010113002","{񒚖","34.075534","134.547480","0","3"
"36","","36201","s","362010114001","{꒚","34.072726","134.554008","0","3"
"36","","36201","s","362010114002","{񒚖","34.073164","134.552869","0","3"
"36","","36201","s","362010114003","{O","34.073820","134.551706","0","3"
"36","","36201","s","362010115000","","34.071766","134.544472","0","1"
"36","","36201","s","362010116000","≮","34.048634","134.548274","0","1"
"36","","36201","s","362010117001","ʒ꒚","34.070931","134.553238","0","3"
"36","","36201","s","362010117002","ʒ񒚖","34.071381","134.551422","0","3"
"36","","36201","s","362010117003","ʒO","34.071834","134.550275","0","3"
"36","","36201","s","362010118001","꒚","34.071059","134.557341","0","3"
"36","","36201","s","362010118002","񒚖","34.073167","134.557671","0","3"
"36","","36201","s","362010118003","O","34.075868","134.557798","0","3"
"36","","36201","s","362010119000","","34.073662","134.555244","0","1"
"36","","36201","s","362010120001","{꒚","34.071781","134.557456","0","3"
"36","","36201","s","362010120002","{񒚖","34.071675","134.559235","0","3"
"36","","36201","s","362010120003","{O","34.071502","134.561404","0","3"
"36","","36201","s","362010121001","xc꒚","34.065705","134.553433","0","3"
"36","","36201","s","362010121002","xc񒚖","34.063712","134.552693","0","3"
"36","","36201","s","362010121003","xcO","34.061923","134.551410","0","3"
"36","","36201","s","362010121004","xcl","34.060718","134.551380","0","3"
"36","","36201","s","362010121005","xcܒ","34.059796","134.550979","0","3"
"36","","36201","s","362010121006","xcZ","34.058822","134.550643","0","3"
"36","","36201","s","362010121007","xc","34.057960","134.548929","0","3"
"36","","36201","s","362010121008","xc","34.056446","134.548136","0","3"
"36","","36201","s","362010122001","xcl꒚","34.067873","134.551327","0","3"
"36","","36201","s","362010122002","xcl񒚖","34.067231","134.552937","0","3"
"36","","36201","s","362010122003","xclO","34.066889","134.554815","0","3"
"36","","36201","s","362010122004","xcll","34.066662","134.555876","0","3"
"36","","36201","s","362010123001","xc꒚","34.068144","134.549219","0","3"
"36","","36201","s","362010123002","xc񒚖","34.067727","134.548900","0","3"
"36","","36201","s","362010124001","c꒚","34.081871","134.515964","0","3"
"36","","36201","s","362010124002","c񒚖","34.083281","134.513835","0","3"
"36","","36201","s","362010124003","cO","34.083701","134.510692","0","3"
"36","","36201","s","362010124004","cl","34.085121","134.506568","0","3"
"36","","36201","s","362010125001","O꒚","34.079597","134.560223","0","3"
"36","","36201","s","362010125002","O񒚖","34.079673","134.562610","0","3"
"36","","36201","s","362010125003","OO","34.079103","134.565208","0","3"
"36","","36201","s","362010126001","a꒚","34.062110","134.557017","0","3"
"36","","36201","s","362010126002","a񒚖","34.061551","134.558031","0","3"
"36","","36201","s","362010126003","aO","34.060647","134.559071","0","3"
"36","","36201","s","362010126004","al","34.060920","134.561142","0","3"
"36","","36201","s","362010126005","aܒ","34.059967","134.563322","0","3"
"36","","36201","s","362010127001","F꒚","34.068114","134.557610","0","3"
"36","","36201","s","362010127002","F񒚖","34.067857","134.559525","0","3"
"36","","36201","s","362010127003","FO","34.067648","134.561771","0","3"
"36","","36201","s","362010128001","ʒ꒚","34.070310","134.552970","0","3"
"36","","36201","s","362010128002","ʒ񒚖","34.070839","134.551147","0","3"
"36","","36201","s","362010128003","ʒO","34.071337","134.550179","0","3"
"36","","36201","s","362010129001","꒚","34.072466","134.560307","0","3"
"36","","36201","s","362010129002","񒚖","34.074660","134.559874","0","3"
"36","","36201","s","362010130001","V꒚","34.066731","134.550898","0","3"
"36","","36201","s","362010130002","V񒚖","34.066414","134.552644","0","3"
"36","","36201","s","362010130003","VO","34.066019","134.554410","0","3"
"36","","36201","s","362010130004","Vl","34.065733","134.555981","0","3"
"36","","36201","s","362010131001","O쒬꒚","34.079299","134.555805","0","3"
"36","","36201","s","362010131002","O쒬񒚖","34.079714","134.554252","0","3"
"36","","36201","s","362010131003","O쒬O","34.079851","134.552623","0","3"
"36","","36201","s","362010131004","O쒬l","34.080125","134.549587","0","3"
"36","","36201","s","362010131005","O쒬ܒ","34.081553","134.546594","0","3"
"36","","36201","s","362010132001","g쒬꒚","34.084402","134.558253","0","3"
"36","","36201","s","362010132002","g쒬񒚖","34.085215","134.556668","0","3"
"36","","36201","s","362010132003","g쒬O","34.085804","134.554201","0","3"
"36","","36201","s","362010132004","g쒬l","34.085668","134.550051","0","3"
"36","","36201","s","362010133001","񌬉꒚","34.060064","134.546630","0","3"
"36","","36201","s","362010133002","񌬉񒚖","34.058528","134.546451","0","3"
"36","","36201","s","362010133003","񌬉O","34.057075","134.546693","0","3"
"36","","36201","s","362010134001","Vl꒚","34.045993","134.561899","0","3"
"36","","36201","s","362010134002","Vl񒚖","34.041874","134.559833","0","3"
"36","","36201","s","362010135001","V꒚","34.071464","134.546785","0","3"
"36","","36201","s","362010135002","V񒚖","34.072381","134.546219","0","3"
"36","","36201","s","362010135003","VO","34.073404","134.545367","0","3"
"36","","36201","s","362010135004","Vl","34.074328","134.544450","0","3"
"36","","36201","s","362010135005","Vܒ","34.075318","134.543038","0","3"
"36","","36201","s","362010136000","{꒬","34.029570","134.547162","0","1"
"36","","36201","s","362010137001","D꒬꒚","34.071896","134.547543","0","3"
"36","","36201","s","362010137002","D꒬񒚖","34.072768","134.546968","0","3"
"36","","36201","s","362010137003","D꒬O","34.073845","134.546000","0","3"
"36","","36201","s","362010137004","D꒬l","34.074740","134.545130","0","3"
"36","","36201","s","362010137005","D꒬ܒ","34.075504","134.544124","0","3"
"36","","36201","s","362010138001","H꒚","34.071142","134.545895","0","3"
"36","","36201","s","362010138002","H񒚖","34.072135","134.545643","0","3"
"36","","36201","s","362010138003","HO","34.073128","134.544863","0","3"
"36","","36201","s","362010138004","Hl","34.073931","134.543802","0","3"
"36","","36201","s","362010138005","Hܒ","34.074732","134.542761","0","3"
"36","","36201","s","362010139000","xc","34.062611","134.541597","0","1"
"36","","36201","s","362010140001","񌬉꒚","34.057528","134.545498","0","3"
"36","","36201","s","362010140002","񌬉񒚖","34.058054","134.543890","0","3"
"36","","36201","s","362010141000","R蒬","34.070817","134.545227","0","1"
"36","","36201","s","362010142000","c","34.038940","134.445609","0","1"
"36","","36201","s","362010143001","꒚","34.066436","134.546554","0","3"
"36","","36201","s","362010143002","񒚖","34.064611","134.546445","0","3"
"36","","36201","s","362010143003","O","34.063068","134.546410","0","3"
"36","","36201","s","362010143004","l","34.061678","134.546244","0","3"
"36","","36201","s","362010144000","","33.988499","134.507867","0","1"
"36","","36201","s","362010145000","","34.051273","134.525370","0","1"
"36","","36201","s","362010146001","㒬꒚","34.066100","134.557923","0","3"
"36","","36201","s","362010146002","㒬񒚖","34.065599","134.559755","0","3"
"36","","36201","s","362010146003","㒬O","34.065429","134.561491","0","3"
"36","","36201","s","362010146004","㒬l","34.064996","134.563535","0","3"
"36","","36201","s","362010146005","㒬ܒ","34.063566","134.565872","0","3"
"36","","36201","s","362010146006","㒬Z","34.061616","134.566948","0","3"
"36","","36201","s","362010146007","㒬","34.060036","134.568856","0","3"
"36","","36201","s","362010147001","V꒚","34.070200","134.547808","0","3"
"36","","36201","s","362010147002","V񒚖","34.069237","134.548736","0","3"
"36","","36201","s","362010148001","D꒬꒚","34.070649","134.548655","0","3"
"36","","36201","s","362010148002","D꒬񒚖","34.069313","134.549683","0","3"
"36","","36201","s","362010149001","H꒚","34.069638","134.546511","0","3"
"36","","36201","s","362010149002","H񒚖","34.068698","134.546874","0","3"
"36","","36201","s","362010149003","HO","34.067803","134.547246","0","3"
"36","","36201","s","362010150000","o","34.077554","134.548068","0","1"
"36","","36201","s","362010151001","R蒬꒚","34.069299","134.545574","0","3"
"36","","36201","s","362010151002","R蒬񒚖","34.068403","134.545620","0","3"
"36","","36201","s","362010151003","R蒬O","34.067926","134.544187","0","3"
"36","","36201","s","362010152001","g쒬꒚","34.087119","134.564180","0","3"
"36","","36201","s","362010152002","g쒬񒚖","34.086430","134.566221","0","3"
"36","","36201","s","362010152003","g쒬O","34.085575","134.568372","0","3"
"36","","36201","s","362010153000","R","34.069364","134.540440","0","1"
"36","","36201","s","362010154001","꒚","34.070700","134.565124","0","3"
"36","","36201","s","362010154002","񒚖","34.070298","134.568677","0","3"
"36","","36201","s","362010155001","sk꒚","34.104216","134.501972","0","3"
"36","","36201","s","362010155002","sk񒚖","34.102883","134.492826","0","3"
"36","","36201","s","362010156001","s꒚","34.093542","134.502011","0","3"
"36","","36201","s","362010156002","s񒚖","34.088168","134.502396","0","3"
"36","","36201","s","362010156003","sO","34.090832","134.495647","0","3"
"36","","36201","s","362010156004","sl","34.094628","134.492732","0","3"
"36","","36201","s","362010157001","s꒚","34.092372","134.509986","0","3"
"36","","36201","s","362010157002","s񒚖","34.093190","134.511533","0","3"
"36","","36201","s","362010157003","sO","34.094007","134.515677","0","3"
"36","","36201","s","362010157004","sl","34.101039","134.511979","0","3"
"36","","36201","s","362010157005","sܒ","34.098402","134.523311","0","3"
"36","","36201","s","362010158001","s{꒚","34.092256","134.507479","0","3"
"36","","36201","s","362010158002","s{񒚖","34.095492","134.507025","0","3"
"36","","36201","s","362010158003","s{O","34.098669","134.504730","0","3"
"36","","36201","s","362010159001","꒚","34.068479","134.552379","0","3"
"36","","36201","s","362010159002","񒚖","34.069786","134.550560","0","3"
"36","","36201","s","362010159003","O","34.070811","134.549693","0","3"
"36","","36201","s","362010160001","쉫F꒚","34.064529","134.583234","0","3"
"36","","36201","s","362010160002","쉫F񒚖","34.063746","134.586123","0","3"
"36","","36201","s","362010160003","쉫FO","34.062258","134.588643","0","3"
"36","","36201","s","362010160004","쉫Fl","34.058724","134.587693","0","3"
"36","","36201","s","362010160005","쉫Fܒ","34.058577","134.582512","0","3"
"36","","36201","s","362010161001","쑠{꒚","34.074911","134.520378","0","3"
"36","","36201","s","362010161002","쑠{񒚖","34.072796","134.520233","0","3"
"36","","36201","s","362010161003","쑠{O","34.072274","134.518378","0","3"
"36","","36201","s","362010162000","썲ÈԒ","34.075310","134.540617","0","1"
"36","","36201","s","362010163000","썲ÓԒ","34.074959","134.537644","0","1"
"36","","36201","s","362010164000","썲ÎOԒ","34.075209","134.533750","0","1"
"36","","36201","s","362010165000","썲ÎlԒ","34.074572","134.531289","0","1"
"36","","36201","s","362010166000","썲ÌܔԒ","34.074573","134.529355","0","1"
"36","","36201","s","362010167000","썲ØZԒ","34.073675","134.527721","0","1"
"36","","36201","s","362010168000","썲ÎԒ","34.073114","134.525121","0","1"
"36","","36201","s","362010169000","썲ÔԒ","34.073759","134.522354","0","1"
"36","","36201","s","362010170001","쓇c꒚","34.079966","134.514990","0","3"
"36","","36201","s","362010170002","쓇c񒚖","34.079959","134.512035","0","3"
"36","","36201","s","362010170003","쓇cO","34.079489","134.508083","0","3"
"36","","36201","s","362010170004","쓇cl","34.079495","134.503792","0","3"
"36","","36201","s","362010171001","O꒚","34.077358","134.559927","0","3"
"36","","36201","s","362010171002","O񒚖","34.077450","134.562356","0","3"
"36","","36201","s","362010171003","OO","34.077240","134.564725","0","3"
"36","","36201","s","362010172001","쏯꒚","34.071611","134.515351","0","3"
"36","","36201","s","362010172002","쏯񒚖","34.071428","134.513540","0","3"
"36","","36201","s","362010172003","쏯O","34.071198","134.510991","0","3"
"36","","36201","s","362010172004","쏯l","34.070063","134.509022","0","3"
"36","","36201","s","362010172005","쏯ܒ","34.069111","134.506609","0","3"
"36","","36201","s","362010173001","쏺a꒚","34.058436","134.554982","0","3"
"36","","36201","s","362010173002","쏺a񒚖","34.057810","134.555980","0","3"
"36","","36201","s","362010173003","쏺aO","34.056927","134.557503","0","3"
"36","","36201","s","362010173004","쏺al","34.056848","134.560130","0","3"
"36","","36201","s","362010173005","쏺aܒ","34.056574","134.562195","0","3"
"36","","36201","s","362010173006","쏺aZ","34.056089","134.564312","0","3"
"36","","36201","s","362010173007","쏺a","34.055930","134.566015","0","3"
"36","","36201","s","362010174001","V꒚","34.069822","134.547165","0","3"
"36","","36201","s","362010174002","V񒚖","34.068895","134.547487","0","3"
"36","","36201","s","362010175000","얖L","34.060616","134.575296","0","1"
"36","","36201","s","362010176001","c{꒚","34.084381","134.545951","0","3"
"36","","36201","s","362010176002","c{񒚖","34.082695","134.542586","0","3"
"36","","36201","s","362010176003","c{O","34.085348","134.537648","0","3"
"36","","36201","s","362010176004","c{l","34.084230","134.533508","0","3"
"36","","36201","s","362010177001","o꒚","34.076302","134.546149","0","3"
"36","","36201","s","362010177002","o񒚖","34.077193","134.544300","0","3"
"36","","36201","s","362010178001","쒇V꒚","34.065954","134.550666","0","3"
"36","","36201","s","362010178002","쒇V񒚖","34.065685","134.552509","0","3"
"36","","36201","s","362010178003","쒇VO","34.065395","134.554417","0","3"
"36","","36201","s","362010178004","쒇Vl","34.065052","134.555707","0","3"
"36","","36201","s","362010179000","񌬉","34.058121","134.540914","0","1"
"36","","36201","s","362010180001","񌬉꒚","34.055275","134.545819","0","3"
"36","","36201","s","362010180002","񌬉񒚖","34.053211","134.544845","0","3"
"36","","36201","s","362010180003","񌬉O","34.051546","134.543758","0","3"
"36","","36201","s","362010181001","O쒬꒚","34.077786","134.555371","0","3"
"36","","36201","s","362010181002","O쒬񒚖","34.077929","134.553560","0","3"
"36","","36201","s","362010181003","O쒬O","34.078245","134.551552","0","3"
"36","","36201","s","362010181004","O쒬l","34.079043","134.549207","0","3"
"36","","36201","s","362010181005","O쒬ܒ","34.079885","134.546838","0","3"
"36","","36201","s","362010182001","O꒚","34.083147","134.529960","0","3"
"36","","36201","s","362010182002","O񒚖","34.082748","134.525734","0","3"
"36","","36201","s","362010182003","OO","34.082326","134.521470","0","3"
"36","","36201","s","362010183001","_꒚","34.064323","134.555286","0","3"
"36","","36201","s","362010183002","_񒚖","34.063104","134.554504","0","3"
"36","","36201","s","362010183003","_O","34.061096","134.553239","0","3"
"36","","36201","s","362010183004","_l","34.060210","134.552795","0","3"
"36","","36201","s","362010183005","_ܒ","34.059071","134.552447","0","3"
"36","","36201","s","362010183006","_Z","34.057963","134.551599","0","3"
"36","","36201","s","362010184001","꒚","34.063329","134.503899","0","3"
"36","","36201","s","362010184002","񒚖","34.063731","134.495115","0","3"
"36","","36201","s","362010184003","O","34.054484","134.491648","0","3"
"36","","36201","s","362010185001","꒚","34.073116","134.550238","0","3"
"36","","36201","s","362010185002","񒚖","34.072173","134.549095","0","3"
"36","","36201","s","362010186001","S꒚","34.071562","134.553212","0","3"
"36","","36201","s","362010186002","S񒚖","34.071959","134.551987","0","3"
"36","","36201","s","362010186003","SO","34.072287","134.550758","0","3"
"36","","36201","s","362010187000","R钬","34.050222","134.561117","0","1"
"36","","36201","s","362010188001","R鐼꒚","34.053573","134.558099","0","3"
"36","","36201","s","362010188002","R鐼񒚖","34.051611","134.557308","0","3"
"36","","36201","s","362010188003","R鐼O","34.049585","134.556579","0","3"
"36","","36201","s","362010188004","R鐼l","34.047939","134.554720","0","3"
"36","","36201","s","362010189001","a꒚","34.068078","134.570326","0","3"
"36","","36201","s","362010189002","a񒚖","34.067476","134.573012","0","3"
"36","","36201","s","362010190001","|꒚","34.066452","134.545765","0","3"
"36","","36201","s","362010190002","|񒚖","34.064663","134.545724","0","3"
"36","","36201","s","362010190003","|O","34.063150","134.545648","0","3"
"36","","36201","s","362010190004","|l","34.061783","134.545423","0","3"
"36","","36201","s","362010191001","g{꒚","34.078876","134.550598","0","3"
"36","","36201","s","362010191002","g{񒚖","34.080423","134.551040","0","3"
"36","","36201","s","362010191003","g{O","34.081576","134.551685","0","3"
"36","","36201","s","362010191004","g{l","34.082917","134.552367","0","3"
"36","","36201","s","362010191005","g{ܒ","34.084906","134.551931","0","3"
"36","","36201","s","362010191006","g{Z","34.087829","134.552771","0","3"
"36","","36201","s","362010192000","","34.067947","134.550106","0","1"
"36","","36201","s","362010193001","{꒚","34.070818","134.552215","0","3"
"36","","36201","s","362010193002","{񒚖","34.069388","134.551283","0","3"
"36","","36201","s","362010194000","_c","34.038352","134.569821","0","1"
"36","","36201","s","362010195001","F꒚","34.063411","134.599179","0","3"
"36","","36201","s","362010195002","F񒚖","34.058296","134.597245","0","3"
"36","","36201","s","362010196000","㏕C","34.092275","134.551922","0","1"
"36","","36201","s","362010197000","c{","34.088467","134.548401","0","1"
